{"bedroc": 0.25130659120626136, "enrichment_0.1pct": 7.675618374558304, "enrichment_1": 4.974937835361864, "enrichment_5": 4.311351020700337, "enrichment_10": 3.7105889932256995, "auc": 0.804498068195408, "f1": 0.07053941908713693, "model_type": "random_forest", "fold": "0", "prediction_type": "validation"}
{"bedroc": 0.12660591090025908, "enrichment_0.1pct": 6.289308176100629, "enrichment_1": 4.088050314465409, "enrichment_5": 2.8930817610062896, "enrichment_10": 2.264150943396227, "auc": 0.6077841590103641, "f1": 0.0, "model_type": "random_forest", "prediction_type": "screening"}
