{"bedroc": 0.31353006645404324, "enrichment_0.1pct": 10.325925925925924, "enrichment_1": 4.311340206185567, "enrichment_5": 6.011088295687885, "enrichment_10": 5.43302564102564, "auc": 0.818104514533086, "f1": 0.08923884514435695, "model_type": "random_forest", "fold": "0", "prediction_type": "validation"}
{"bedroc": 0.07453846341521393, "enrichment_0.1pct": 3.1446540880503147, "enrichment_1": 2.515723270440252, "enrichment_5": 1.509433962264151, "enrichment_10": 1.3836477987421385, "auc": 0.529649856327268, "f1": 0.0, "model_type": "random_forest", "prediction_type": "screening"}
