{"bedroc": 0.18553004254976144, "enrichment_0.1pct": 16.31388888888889, "enrichment_1": 4.219109195402299, "enrichment_5": 3.6191221084565797, "enrichment_10": 3.4739967821313646, "auc": 0.7168854986688119, "f1": 0.03896103896103896, "model_type": "random_forest", "fold": "0", "prediction_type": "validation"}
{"bedroc": 0.3717933426833996, "enrichment_0.1pct": 90.79445145018916, "enrichment_1": 25.09457755359395, "enrichment_5": 8.221941992433795, "enrichment_10": 4.968474148802017, "auc": 0.7507944813589107, "f1": 0.001260239445494644, "model_type": "random_forest", "prediction_type": "screening"}
