{"bedroc": 0.3359987423714788, "enrichment_0.1pct": 0.0, "enrichment_1": 0.0, "enrichment_5": 0.0, "enrichment_10": 0.0, "auc": 0.4995428123571289, "f1": 0.0, "model_type": "random_forest", "fold": "0", "prediction_type": "validation"}
{"bedroc": 0.044980231066646725, "enrichment_0.1pct": 0.0, "enrichment_1": 0.819672131147541, "enrichment_5": 0.8953341740226987, "enrichment_10": 0.9205548549810845, "auc": 0.4995402708695992, "f1": 0.0, "model_type": "random_forest", "prediction_type": "screening"}
