{"bedroc": 0.33599784484233297, "enrichment_0.1pct": 7.91388174807198, "enrichment_1": 4.375154137145485, "enrichment_5": 5.816381382322821, "enrichment_10": 5.168774106782999, "auc": 0.8431706304937135, "f1": 0.09538950715421304, "model_type": "random_forest", "fold": "0", "prediction_type": "validation"}
{"bedroc": 0.3437439695051623, "enrichment_0.1pct": 58.007566204287514, "enrichment_1": 18.600252206809582, "enrichment_5": 7.9319041614123575, "enrichment_10": 5.031525851197982, "auc": 0.7824479065790779, "f1": 0.0025188916876574307, "model_type": "random_forest", "prediction_type": "screening"}
