{"bedroc": 0.3111353056004569, "enrichment_0.1pct": 8.350609756097562, "enrichment_1": 7.33224271267103, "enrichment_5": 5.702855443188579, "enrichment_10": 5.451798817622769, "auc": 0.8143375299579534, "f1": 0.08256880733944955, "model_type": "random_forest", "fold": "0", "prediction_type": "validation"}
{"bedroc": 0.2760558112663437, "enrichment_0.1pct": 49.18032786885246, "enrichment_1": 15.384615384615387, "enrichment_5": 6.040353089533418, "enrichment_10": 4.192938209331652, "auc": 0.7274043499320313, "f1": 0.0012594458438287153, "model_type": "random_forest", "prediction_type": "screening"}
