{"bedroc": 0.6165204121976525, "enrichment_0.1pct": 9.837345387014262, "enrichment_1": 11.086811437958827, "enrichment_5": 8.291647145552835, "enrichment_10": 6.513951046341256, "auc": 0.9157499997363835, "f1": 0.42732691425951397, "model_type": "random_forest", "fold": "0", "prediction_type": "validation"}
{"bedroc": 0.6596093133950213, "enrichment_0.1pct": 167.7175283732661, "enrichment_1": 53.84615384615385, "enrichment_5": 14.552332912988652, "enrichment_10": 7.868852459016393, "auc": 0.907839472116522, "f1": 0.019692307692307693, "model_type": "random_forest", "prediction_type": "screening"}
