{"bedroc": 0.4886223180782942, "enrichment_0.1pct": 35.67137068604164, "enrichment_1": 12.84169344697499, "enrichment_5": 9.643705463182899, "enrichment_10": 6.698337292161521, "auc": 0.8729874406479856, "f1": 0.22023809523809523, "model_type": "random_forest", "fold": "0", "prediction_type": "validation"}
{"bedroc": 0.14129147010003165, "enrichment_0.1pct": 3.1446540880503147, "enrichment_1": 5.345911949685535, "enrichment_5": 3.3333333333333335, "enrichment_10": 2.4528301886792456, "auc": 0.5874412607234258, "f1": 0.0, "model_type": "random_forest", "prediction_type": "screening"}
