{"bedroc": 0.6406929709199247, "enrichment_0.1pct": 10.283337751855779, "enrichment_1": 10.167010401721665, "enrichment_5": 9.988940823502954, "enrichment_10": 7.32469512195122, "auc": 0.925659857300098, "f1": 0.4361602982292637, "model_type": "random_forest", "fold": "0", "prediction_type": "validation"}
{"bedroc": 0.4617551757246528, "enrichment_0.1pct": 77.55359394703657, "enrichment_1": 29.066834804539724, "enrichment_5": 10.479192938209332, "enrichment_10": 6.557377049180328, "auc": 0.863827524463888, "f1": 0.013472137170851195, "model_type": "random_forest", "prediction_type": "screening"}
