{"bedroc": 0.6431326736422482, "enrichment_0.1pct": 14.140949995055543, "enrichment_1": 11.388019954001312, "enrichment_5": 9.846159183514978, "enrichment_10": 7.241245084193477, "auc": 0.9218388955590802, "f1": 0.44680851063829785, "model_type": "random_forest", "fold": "0", "prediction_type": "validation"}
{"bedroc": 0.4628943514683653, "enrichment_0.1pct": 61.16015132408575, "enrichment_1": 25.91424968474149, "enrichment_5": 11.10970996216898, "enrichment_10": 6.80327868852459, "auc": 0.8681323743391445, "f1": 0.01464307504575961, "model_type": "random_forest", "prediction_type": "screening"}
