{"bedroc": 0.2672563215657846, "enrichment_0.1pct": 7.2684931506849315, "enrichment_1": 5.485655208064099, "enrichment_5": 4.182812096148876, "enrichment_10": 4.452894013143455, "auc": 0.8264692510884569, "f1": 0.09923664122137404, "model_type": "random_forest", "fold": "0", "prediction_type": "validation"}
{"bedroc": 0.06746076421776363, "enrichment_0.1pct": 12.578616352201259, "enrichment_1": 3.1446540880503147, "enrichment_5": 1.3836477987421385, "enrichment_10": 1.0377358490566038, "auc": 0.507013617122698, "f1": 0.0, "model_type": "random_forest", "prediction_type": "screening"}
