{"bedroc": 0.471649861523564, "enrichment_0.1pct": 5.27660297239915, "enrichment_1": 7.021286213273063, "enrichment_5": 6.859243876813973, "enrichment_10": 6.001159047005794, "auc": 0.871986528671058, "f1": 0.2723673792557403, "model_type": "random_forest", "fold": "0", "prediction_type": "validation"}
{"bedroc": 0.5349405203391259, "enrichment_0.1pct": 63.051702395964696, "enrichment_1": 35.49810844892812, "enrichment_5": 12.26986128625473, "enrichment_10": 7.093316519546027, "auc": 0.8676353780323841, "f1": 0.0074487895716946, "model_type": "random_forest", "prediction_type": "screening"}
