{"bedroc": 0.43661769451863336, "enrichment_0.1pct": 0.0, "enrichment_1": 12.501447876447877, "enrichment_5": 2.500289575289575, "enrichment_10": 1.2501447876447875, "auc": 0.5555826414365708, "f1": 0.0, "model_type": "random_forest", "fold": "0", "prediction_type": "validation"}
{"bedroc": 0.05211316715779908, "enrichment_0.1pct": 1.2610340479192939, "enrichment_1": 0.819672131147541, "enrichment_5": 0.9836065573770492, "enrichment_10": 0.9331651954602774, "auc": 0.49953751650117084, "f1": 0.0, "model_type": "random_forest", "prediction_type": "screening"}
