{"bedroc": 0.4429287906548519, "enrichment_0.1pct": 30.817261330761813, "enrichment_1": 10.477868852459016, "enrichment_5": 8.526591241437698, "enrichment_10": 6.0669976140999005, "auc": 0.8529550972556135, "f1": 0.19036144578313252, "model_type": "random_forest", "fold": "0", "prediction_type": "validation"}
{"bedroc": 0.21854732258579138, "enrichment_0.1pct": 15.723270440251573, "enrichment_1": 11.006289308176102, "enrichment_5": 5.031446540880504, "enrichment_10": 3.3333333333333335, "auc": 0.6682188080463676, "f1": 0.0, "model_type": "random_forest", "prediction_type": "screening"}
