{"bedroc": 0.4641824806907758, "enrichment_0.1pct": 21.404634581105167, "enrichment_1": 14.448128342245989, "enrichment_5": 8.61536541889483, "enrichment_10": 6.176470588235294, "auc": 0.8576038790879713, "f1": 0.24261275272161742, "model_type": "random_forest", "fold": "0", "prediction_type": "validation"}
{"bedroc": 0.2294598162571964, "enrichment_0.1pct": 6.289308176100629, "enrichment_1": 13.836477987421386, "enrichment_5": 5.471698113207547, "enrichment_10": 3.4591194968553465, "auc": 0.6528122877037164, "f1": 0.0, "model_type": "random_forest", "prediction_type": "screening"}
