{"bedroc": 0.47403960276305984, "enrichment_0.1pct": 36.480582524271846, "enrichment_1": 13.862621359223299, "enrichment_5": 9.133720465928148, "enrichment_10": 6.749157682901106, "auc": 0.8810127646948192, "f1": 0.22959889349930843, "model_type": "random_forest", "fold": "0", "prediction_type": "validation"}
{"bedroc": 0.1519771331264889, "enrichment_0.1pct": 6.289308176100629, "enrichment_1": 5.9748427672955975, "enrichment_5": 3.3333333333333335, "enrichment_10": 2.578616352201258, "auc": 0.6164668949631644, "f1": 0.0, "model_type": "random_forest", "prediction_type": "screening"}
