{"bedroc": 0.11819078597688018, "enrichment_0.1pct": 0.0, "enrichment_1": 0.9732905982905982, "enrichment_5": 2.121038945331398, "enrichment_10": 2.4064877430262044, "auc": 0.6504632184330893, "f1": 0.01020408163265306, "model_type": "random_forest", "fold": "0", "prediction_type": "validation"}
{"bedroc": 0.4314245064954445, "enrichment_0.1pct": 171.50063051702398, "enrichment_1": 33.85876418663304, "enrichment_5": 9.192938209331652, "enrichment_10": 5.365699873896595, "auc": 0.7689242686189074, "f1": 0.0025173064820641915, "model_type": "random_forest", "prediction_type": "screening"}
