{"bedroc": 0.7258674149231453, "enrichment_0.1pct": 39.909951223579434, "enrichment_1": 28.381893779579602, "enrichment_5": 15.279943302622254, "enrichment_10": 9.000708717221828, "auc": 0.9459054163853107, "f1": 0.3884959924563885, "model_type": "random_forest", "fold": "0", "prediction_type": "validation"}
{"bedroc": 0.25799759974789466, "enrichment_0.1pct": 56.74653215636822, "enrichment_1": 14.817150063051702, "enrichment_5": 5.422446406052964, "enrichment_10": 3.6506935687263558, "auc": 0.6711104000099264, "f1": 0.0025173064820641915, "model_type": "random_forest", "prediction_type": "screening"}
