{"bedroc": 0.6891035055684177, "enrichment_0.1pct": 12.266850104821803, "enrichment_1": 12.093633992943705, "enrichment_5": 9.352365260130078, "enrichment_10": 7.1907223128720155, "auc": 0.9364290717928608, "f1": 0.4920818848976439, "model_type": "random_forest", "fold": "0", "prediction_type": "validation"}
{"bedroc": 0.5294472932729979, "enrichment_0.1pct": 74.40100882723833, "enrichment_1": 31.273644388398488, "enrichment_5": 12.39596469104666, "enrichment_10": 7.44640605296343, "auc": 0.8935138285689327, "f1": 0.012285012285012284, "model_type": "random_forest", "prediction_type": "screening"}
