{"bedroc": 0.1779151074294083, "enrichment_0.1pct": 9.12431693989071, "enrichment_1": 0.8294833581718827, "enrichment_5": 3.1236400334760988, "enrichment_10": 3.2010347285373704, "auc": 0.7254167114609088, "f1": 0.017937219730941704, "model_type": "random_forest", "fold": "0", "prediction_type": "validation"}
{"bedroc": 0.4917524584973673, "enrichment_0.1pct": 160.15132408575033, "enrichment_1": 38.52459016393443, "enrichment_5": 10.580075662042875, "enrichment_10": 6.26733921815889, "auc": 0.8097322062753698, "f1": 0.001260239445494644, "model_type": "random_forest", "prediction_type": "screening"}
