{"bedroc": 0.521776257233397, "enrichment_0.1pct": 11.611885369532429, "enrichment_1": 8.354005305039786, "enrichment_5": 7.638190459426157, "enrichment_10": 6.1255275542067995, "auc": 0.8830714292365424, "f1": 0.32801531589023614, "model_type": "random_forest", "fold": "0", "prediction_type": "validation"}
{"bedroc": 0.6428068486984502, "enrichment_0.1pct": 175.91424968474152, "enrichment_1": 53.72005044136192, "enrichment_5": 13.997477931904163, "enrichment_10": 7.667087011349307, "auc": 0.9010203650833853, "f1": 0.01488833746898263, "model_type": "random_forest", "prediction_type": "screening"}
