{"bedroc": 0.24246421652127603, "enrichment_0.1pct": 16.311507936507937, "enrichment_1": 3.9784165698799847, "enrichment_5": 4.1274861931796245, "enrichment_10": 4.206860927663848, "auc": 0.7960484131886232, "f1": 0.061946902654867256, "model_type": "random_forest", "fold": "0", "prediction_type": "validation"}
{"bedroc": 0.2772554473861606, "enrichment_0.1pct": 48.54981084489281, "enrichment_1": 15.258511979823455, "enrichment_5": 6.216897856242119, "enrichment_10": 4.148802017654477, "auc": 0.7193636086656892, "f1": 0.001260239445494644, "model_type": "random_forest", "prediction_type": "screening"}
