{"bedroc": 0.4945659832322143, "enrichment_0.1pct": 5.261939131480813, "enrichment_1": 7.711462520273605, "enrichment_5": 7.184894919346913, "enrichment_10": 5.8612406037455225, "auc": 0.8765103912690982, "f1": 0.3004513217279175, "model_type": "random_forest", "fold": "0", "prediction_type": "validation"}
{"bedroc": 0.6355238722720622, "enrichment_0.1pct": 209.3316519546028, "enrichment_1": 51.89155107187894, "enrichment_5": 13.783102143757883, "enrichment_10": 7.522068095838588, "auc": 0.8910948808315664, "f1": 0.013673088875077687, "model_type": "random_forest", "prediction_type": "screening"}
