{"bedroc": 0.6647655771946752, "enrichment_0.1pct": 28.958152011922504, "enrichment_1": 23.16054469477806, "enrichment_5": 13.446304420328895, "enrichment_10": 8.094615632193559, "auc": 0.9030647972465605, "f1": 0.41229656419529837, "model_type": "random_forest", "fold": "0", "prediction_type": "validation"}
{"bedroc": 0.3044788192756827, "enrichment_0.1pct": 31.446540880503147, "enrichment_1": 20.754716981132077, "enrichment_5": 6.7924528301886795, "enrichment_10": 4.40251572327044, "auc": 0.7099596114960783, "f1": 0.0, "model_type": "random_forest", "prediction_type": "screening"}
