{"bedroc": 0.35288603410042324, "enrichment_0.1pct": 5.881915933528837, "enrichment_1": 5.440772238514174, "enrichment_5": 5.132988472577525, "enrichment_10": 5.000997340425531, "auc": 0.8531040609536134, "f1": 0.13457943925233645, "model_type": "random_forest", "fold": "0", "prediction_type": "validation"}
{"bedroc": 0.6154333667146881, "enrichment_0.1pct": 205.54854981084492, "enrichment_1": 49.87389659520807, "enrichment_5": 13.366960907944515, "enrichment_10": 7.433795712484238, "auc": 0.8858281134888759, "f1": 0.005015673981191223, "model_type": "random_forest", "prediction_type": "screening"}
