{"bedroc": 0.6207691355463559, "enrichment_0.1pct": 10.631189948263119, "enrichment_1": 10.68063734337132, "enrichment_5": 8.520731090259122, "enrichment_10": 6.402371693460265, "auc": 0.9079488755805145, "f1": 0.4418819188191882, "model_type": "random_forest", "fold": "0", "prediction_type": "validation"}
{"bedroc": 0.6526130517590063, "enrichment_0.1pct": 181.58890290037832, "enrichment_1": 53.78310214375789, "enrichment_5": 14.274905422446407, "enrichment_10": 7.76796973518285, "auc": 0.9073743277140193, "f1": 0.014814814814814815, "model_type": "random_forest", "prediction_type": "screening"}
