{"bedroc": 0.5170916106639739, "enrichment_0.1pct": 8.435274470721327, "enrichment_1": 8.424460016271686, "enrichment_5": 8.029898294725518, "enrichment_10": 6.193375066488354, "auc": 0.8938490200399686, "f1": 0.30566534914361, "model_type": "random_forest", "fold": "0", "prediction_type": "validation"}
{"bedroc": 0.5788766609180284, "enrichment_0.1pct": 89.53341740226986, "enrichment_1": 39.59646910466582, "enrichment_5": 13.253467843631778, "enrichment_10": 7.597730138713746, "auc": 0.895300410511601, "f1": 0.0037197768133911966, "model_type": "random_forest", "prediction_type": "screening"}
