{"bedroc": 0.33399058438796775, "enrichment_0.1pct": 21.15210355987055, "enrichment_1": 2.913810184267882, "enrichment_5": 6.0218743808202895, "enrichment_10": 6.119001386962552, "auc": 0.8566317416452052, "f1": 0.07526881720430108, "model_type": "random_forest", "fold": "0", "prediction_type": "validation"}
{"bedroc": 0.06504234791368951, "enrichment_0.1pct": 3.1446540880503147, "enrichment_1": 1.8867924528301887, "enrichment_5": 1.3207547169811322, "enrichment_10": 1.10062893081761, "auc": 0.5074790843236577, "f1": 0.0, "model_type": "random_forest", "prediction_type": "screening"}
