{"bedroc": 0.25033298235604623, "enrichment_0.1pct": 16.758130081300813, "enrichment_1": 4.0873488003172715, "enrichment_5": 5.369109637698319, "enrichment_10": 4.148857447312337, "auc": 0.7346517438333704, "f1": 0.0625, "model_type": "random_forest", "fold": "0", "prediction_type": "validation"}
{"bedroc": 0.33544627968996726, "enrichment_0.1pct": 46.02774274905422, "enrichment_1": 18.15889029003783, "enrichment_5": 7.793190416141235, "enrichment_10": 5.132408575031525, "auc": 0.77037266476637, "f1": 0.003775959723096287, "model_type": "random_forest", "prediction_type": "screening"}
