{"bedroc": 0.6174499249617619, "enrichment_0.1pct": 23.148537868591706, "enrichment_1": 17.812229456913172, "enrichment_5": 11.395487378603175, "enrichment_10": 7.4050841562448015, "auc": 0.8764849025485052, "f1": 0.4108713029576339, "model_type": "random_forest", "fold": "0", "prediction_type": "validation"}
{"bedroc": 0.1785468049171408, "enrichment_0.1pct": 6.289308176100629, "enrichment_1": 9.433962264150944, "enrichment_5": 3.9622641509433967, "enrichment_10": 2.7358490566037736, "auc": 0.6460786086579305, "f1": 0.0, "model_type": "random_forest", "prediction_type": "screening"}
