{"bedroc": 0.36572444778552293, "enrichment_0.1pct": 4.339682539682539, "enrichment_1": 3.3270899470899464, "enrichment_5": 5.518504427958489, "enrichment_10": 5.096167453452882, "auc": 0.8577878015273444, "f1": 0.15846994535519127, "model_type": "random_forest", "fold": "0", "prediction_type": "validation"}
{"bedroc": 0.595768184152487, "enrichment_0.1pct": 167.7175283732661, "enrichment_1": 47.35182849936948, "enrichment_5": 12.91298865069357, "enrichment_10": 7.3013871374527115, "auc": 0.8807068691903746, "f1": 0.007495315427857589, "model_type": "random_forest", "prediction_type": "screening"}
