{"bedroc": 0.5613973356576768, "enrichment_0.1pct": 27.62950402713014, "enrichment_1": 14.111843454717008, "enrichment_5": 10.447989245372723, "enrichment_10": 7.524333163926094, "auc": 0.8944547583460144, "f1": 0.3242784380305603, "model_type": "random_forest", "fold": "0", "prediction_type": "validation"}
{"bedroc": 0.35878327059908255, "enrichment_0.1pct": 28.30188679245283, "enrichment_1": 25.471698113207548, "enrichment_5": 8.238993710691824, "enrichment_10": 5.000000000000001, "auc": 0.7496672668323621, "f1": 0.0, "model_type": "random_forest", "prediction_type": "screening"}
