{"bedroc": 0.18458959732890834, "enrichment_0.1pct": 6.8965517241379315, "enrichment_1": 2.7586206896551726, "enrichment_5": 2.896551724137931, "enrichment_10": 2.896551724137931, "auc": 0.7740823461354662, "f1": 0.07885304659498207, "model_type": "random_forest", "fold": "0", "prediction_type": "validation"}
{"bedroc": 0.07750376457187892, "enrichment_0.1pct": 6.289308176100629, "enrichment_1": 2.8301886792452833, "enrichment_5": 1.7610062893081762, "enrichment_10": 1.3836477987421385, "auc": 0.5200008681377031, "f1": 0.0, "model_type": "random_forest", "prediction_type": "screening"}
