{"bedroc": 0.623035443849437, "enrichment_0.1pct": 10.611562115621156, "enrichment_1": 10.957054835664637, "enrichment_5": 8.534530940856719, "enrichment_10": 6.570702886991764, "auc": 0.9208287640685737, "f1": 0.43149749658625397, "model_type": "random_forest", "fold": "0", "prediction_type": "validation"}
{"bedroc": 0.6514294245304599, "enrichment_0.1pct": 156.99873896595207, "enrichment_1": 51.95460277427491, "enrichment_5": 14.514501891551072, "enrichment_10": 7.805800756620429, "auc": 0.9013488299125894, "f1": 0.007462686567164179, "model_type": "random_forest", "prediction_type": "screening"}
