{"bedroc": 0.6867202559991918, "enrichment_0.1pct": 27.412665208709708, "enrichment_1": 21.391771011238077, "enrichment_5": 13.329670028968001, "enrichment_10": 8.272309136715764, "auc": 0.9170843269127823, "f1": 0.46888567293777134, "model_type": "random_forest", "fold": "0", "prediction_type": "validation"}
{"bedroc": 0.3958170795331988, "enrichment_0.1pct": 53.45911949685535, "enrichment_1": 31.446540880503147, "enrichment_5": 8.679245283018869, "enrichment_10": 4.779874213836479, "auc": 0.7569636955872723, "f1": 0.0, "model_type": "random_forest", "prediction_type": "screening"}
