{"bedroc": 0.24548003976130653, "enrichment_0.1pct": 6.645033112582782, "enrichment_1": 3.65476821192053, "enrichment_5": 3.912744048327187, "enrichment_10": 4.074471948393231, "auc": 0.7938932258705492, "f1": 0.0831758034026465, "model_type": "random_forest", "fold": "0", "prediction_type": "validation"}
{"bedroc": 0.5797467619343531, "enrichment_0.1pct": 178.43631778058005, "enrichment_1": 46.84741488020177, "enrichment_5": 12.66078184110971, "enrichment_10": 7.093316519546027, "auc": 0.855766919411109, "f1": 0.0025157232704402514, "model_type": "random_forest", "prediction_type": "screening"}
