{"bedroc": 0.24728423769885916, "enrichment_0.1pct": 7.14397999285459, "enrichment_1": 4.870895449673585, "enrichment_5": 3.6722061486316684, "enrichment_10": 3.8294307168905237, "auc": 0.8066248497588674, "f1": 0.08076923076923077, "model_type": "random_forest", "fold": "0", "prediction_type": "validation"}
{"bedroc": 0.5783411230634001, "enrichment_0.1pct": 217.52837326607818, "enrichment_1": 47.162673392181595, "enrichment_5": 12.471626733921816, "enrichment_10": 6.941992433795713, "auc": 0.8583167203310553, "f1": 0.007532956685499058, "model_type": "random_forest", "prediction_type": "screening"}
