{"bedroc": 0.25882234928846026, "enrichment_0.1pct": 10.00120809423135, "enrichment_1": 5.3339776502567195, "enrichment_5": 4.392545115796709, "enrichment_10": 4.056095878651699, "auc": 0.8100750440074793, "f1": 0.08711433756805807, "model_type": "random_forest", "fold": "0", "prediction_type": "validation"}
{"bedroc": 0.08699988572043714, "enrichment_0.1pct": 9.433962264150944, "enrichment_1": 2.515723270440252, "enrichment_5": 1.7610062893081762, "enrichment_10": 1.6352201257861636, "auc": 0.5443013850102446, "f1": 0.0, "model_type": "random_forest", "prediction_type": "screening"}
