{"bedroc": 0.5176260729052317, "enrichment_0.1pct": 7.00947472538914, "enrichment_1": 7.431920746785361, "enrichment_5": 7.859739535247553, "enrichment_10": 6.371587009870108, "auc": 0.898660037002976, "f1": 0.32044198895027626, "model_type": "random_forest", "fold": "0", "prediction_type": "validation"}
{"bedroc": 0.6379070447279939, "enrichment_0.1pct": 136.19167717528373, "enrichment_1": 50.126103404791934, "enrichment_5": 14.186633039092055, "enrichment_10": 7.906683480453973, "auc": 0.8969885178624698, "f1": 0.009931719428926133, "model_type": "random_forest", "prediction_type": "screening"}
