{"bedroc": 0.7319593031028289, "enrichment_0.1pct": 21.831834453854885, "enrichment_1": 22.264364293945267, "enrichment_5": 14.09761634506243, "enrichment_10": 8.433598183881953, "auc": 0.9231247310842492, "f1": 0.5241286863270778, "model_type": "random_forest", "fold": "0", "prediction_type": "validation"}
{"bedroc": 0.29707649704074895, "enrichment_0.1pct": 44.02515723270441, "enrichment_1": 16.666666666666668, "enrichment_5": 6.666666666666667, "enrichment_10": 4.3081761006289305, "auc": 0.735156374066576, "f1": 0.0, "model_type": "random_forest", "prediction_type": "screening"}
