{"bedroc": 0.7509299977338233, "enrichment_0.1pct": 17.27741257862145, "enrichment_1": 15.826978154092354, "enrichment_5": 14.496733671338909, "enrichment_10": 9.667820416385489, "auc": 0.9689567813893287, "f1": 0.5201388888888889, "model_type": "random_forest", "fold": "0", "prediction_type": "validation"}
{"bedroc": 0.20115113424485664, "enrichment_0.1pct": 53.45911949685535, "enrichment_1": 11.635220125786164, "enrichment_5": 4.8427672955974845, "enrichment_10": 2.767295597484277, "auc": 0.6039489519931489, "f1": 0.0, "model_type": "random_forest", "prediction_type": "screening"}
