{"bedroc": 0.7019536135167688, "enrichment_0.1pct": 11.690075471008534, "enrichment_1": 11.63693876432213, "enrichment_5": 9.75696720160507, "enrichment_10": 7.315208123804008, "auc": 0.9341823158894985, "f1": 0.5098929614012325, "model_type": "random_forest", "fold": "0", "prediction_type": "validation"}
{"bedroc": 0.4565412911935814, "enrichment_0.1pct": 55.48549810844893, "enrichment_1": 26.16645649432535, "enrichment_5": 10.933165195460278, "enrichment_10": 6.664564943253468, "auc": 0.8658872009468556, "f1": 0.016776512881965248, "model_type": "random_forest", "prediction_type": "screening"}
