{"bedroc": 0.5038666846674632, "enrichment_0.1pct": 5.994484930274404, "enrichment_1": 6.3374899251583185, "enrichment_5": 6.053162629267602, "enrichment_10": 5.700787156913516, "auc": 0.9104729957361437, "f1": 0.2588894727623051, "model_type": "random_forest", "fold": "0", "prediction_type": "validation"}
{"bedroc": 0.6362666914380969, "enrichment_0.1pct": 351.19798234552337, "enrichment_1": 56.494325346784365, "enrichment_5": 13.240857503152586, "enrichment_10": 7.093316519546027, "auc": 0.8543179056384436, "f1": 0.01371571072319202, "model_type": "random_forest", "prediction_type": "screening"}
