{"bedroc": 0.2111145794917631, "enrichment_0.1pct": 8.536157024793388, "enrichment_1": 2.498387421890748, "enrichment_5": 3.6376843495487563, "enrichment_10": 4.299081504012166, "auc": 0.7742391761116221, "f1": 0.037209302325581395, "model_type": "random_forest", "fold": "0", "prediction_type": "validation"}
{"bedroc": 0.2646064667946799, "enrichment_0.1pct": 49.18032786885246, "enrichment_1": 12.48423707440101, "enrichment_5": 6.116015132408576, "enrichment_10": 4.192938209331652, "auc": 0.7234759887188649, "f1": 0.0, "model_type": "random_forest", "prediction_type": "screening"}
