{"bedroc": 0.23186431662061632, "enrichment_0.1pct": 7.073482428115016, "enrichment_1": 2.250653499854778, "enrichment_5": 3.5793525539859115, "enrichment_10": 3.6113110589322144, "auc": 0.7764680759489478, "f1": 0.07393715341959335, "model_type": "random_forest", "fold": "0", "prediction_type": "validation"}
{"bedroc": 0.56159117673331, "enrichment_0.1pct": 186.63303909205547, "enrichment_1": 45.14501891551072, "enrichment_5": 12.345523329129888, "enrichment_10": 6.708701134930643, "auc": 0.8427350892007787, "f1": 0.006285355122564425, "model_type": "random_forest", "prediction_type": "screening"}
