{"bedroc": 0.6389924381783562, "enrichment_0.1pct": 11.360294117647058, "enrichment_1": 11.33925653594771, "enrichment_5": 8.695196441203677, "enrichment_10": 6.720588235294118, "auc": 0.9160301191270785, "f1": 0.44073907165389814, "model_type": "random_forest", "fold": "0", "prediction_type": "validation"}
{"bedroc": 0.64650950678534, "enrichment_0.1pct": 162.67339218158892, "enrichment_1": 52.963430012610345, "enrichment_5": 14.085750315258512, "enrichment_10": 7.711223203026481, "auc": 0.9054235929280939, "f1": 0.009876543209876543, "model_type": "random_forest", "prediction_type": "screening"}
