{"bedroc": 0.20001678757554472, "enrichment_0.1pct": 0.0, "enrichment_1": 6.131484654930674, "enrichment_5": 2.858450141622485, "enrichment_10": 1.8371081088089618, "auc": 0.5514508024075081, "f1": 0.0, "model_type": "random_forest", "fold": "0", "prediction_type": "validation"}
{"bedroc": 0.06342329908755306, "enrichment_0.1pct": 0.0, "enrichment_1": 2.8301886792452833, "enrichment_5": 1.8238993710691824, "enrichment_10": 1.4465408805031448, "auc": 0.5136872676454509, "f1": 0.0, "model_type": "random_forest", "prediction_type": "screening"}
