{"bedroc": 0.6415239470664174, "enrichment_0.1pct": 13.49677075704108, "enrichment_1": 11.508615697427516, "enrichment_5": 9.972717555525865, "enrichment_10": 7.18464598086272, "auc": 0.9175808356645271, "f1": 0.44141176470588234, "model_type": "random_forest", "fold": "0", "prediction_type": "validation"}
{"bedroc": 0.42967103161919823, "enrichment_0.1pct": 71.87894073139975, "enrichment_1": 24.14880201765448, "enrichment_5": 10.012610340479192, "enrichment_10": 6.204287515762926, "auc": 0.8557055171721771, "f1": 0.012254901960784314, "model_type": "random_forest", "prediction_type": "screening"}
