{"bedroc": 0.7407322479345579, "enrichment_0.1pct": 12.531977123269808, "enrichment_1": 12.770823619961073, "enrichment_5": 10.505304560480859, "enrichment_10": 7.65741592705832, "auc": 0.9489427983169298, "f1": 0.5604180274330502, "model_type": "random_forest", "fold": "0", "prediction_type": "validation"}
{"bedroc": 0.4762828652148041, "enrichment_0.1pct": 52.963430012610345, "enrichment_1": 27.30138713745271, "enrichment_5": 11.147540983606559, "enrichment_10": 6.954602774274906, "auc": 0.8862853219127351, "f1": 0.012099213551119177, "model_type": "random_forest", "prediction_type": "screening"}
