{"bedroc": 0.5391295295910319, "enrichment_0.1pct": 12.170561852428236, "enrichment_1": 10.826956821223066, "enrichment_5": 9.050875080549051, "enrichment_10": 7.490759581467036, "auc": 0.9259784560592906, "f1": 0.17595628415300546, "model_type": "random_forest", "fold": "0", "prediction_type": "validation"}
{"bedroc": 0.6080877786276246, "enrichment_0.1pct": 289.40731399747796, "enrichment_1": 52.963430012610345, "enrichment_5": 12.950819672131148, "enrichment_10": 6.967213114754099, "auc": 0.8494303967984775, "f1": 0.0025157232704402514, "model_type": "random_forest", "prediction_type": "screening"}
