{"bedroc": 0.5899219320536285, "enrichment_0.1pct": 27.8052530429212, "enrichment_1": 17.191419892128703, "enrichment_5": 10.882916244756258, "enrichment_10": 7.638970056415449, "auc": 0.9014348368642996, "f1": 0.3620689655172414, "model_type": "random_forest", "fold": "0", "prediction_type": "validation"}
{"bedroc": 0.3156614843528259, "enrichment_0.1pct": 37.735849056603776, "enrichment_1": 21.38364779874214, "enrichment_5": 7.29559748427673, "enrichment_10": 4.3081761006289305, "auc": 0.7414037019117989, "f1": 0.0, "model_type": "random_forest", "prediction_type": "screening"}
