{"bedroc": 0.7440170449276343, "enrichment_0.1pct": 15.892944127671129, "enrichment_1": 15.850371569545574, "enrichment_5": 14.288768620363715, "enrichment_10": 9.67384617518033, "auc": 0.9690943178336767, "f1": 0.5053782401692823, "model_type": "random_forest", "fold": "0", "prediction_type": "validation"}
{"bedroc": 0.11342851572049802, "enrichment_0.1pct": 6.289308176100629, "enrichment_1": 3.4591194968553465, "enrichment_5": 2.578616352201258, "enrichment_10": 1.9496855345911952, "auc": 0.5521063701401699, "f1": 0.0, "model_type": "random_forest", "prediction_type": "screening"}
