{"bedroc": 0.729985216609518, "enrichment_0.1pct": 24.394715949188424, "enrichment_1": 22.968046883175774, "enrichment_5": 13.931010533727447, "enrichment_10": 8.339372449886234, "auc": 0.9218447428292476, "f1": 0.522438044206296, "model_type": "random_forest", "fold": "0", "prediction_type": "validation"}
{"bedroc": 0.37687666129720687, "enrichment_0.1pct": 72.32704402515724, "enrichment_1": 27.044025157232706, "enrichment_5": 8.616352201257861, "enrichment_10": 5.062893081761007, "auc": 0.7587177282124143, "f1": 0.0, "model_type": "random_forest", "prediction_type": "screening"}
