{"bedroc": 0.26330620457821635, "enrichment_0.1pct": 7.8869565217391315, "enrichment_1": 5.84219001610306, "enrichment_5": 4.49440537084399, "enrichment_10": 3.8782368925831205, "auc": 0.794990142796249, "f1": 0.12475633528265107, "model_type": "random_forest", "fold": "0", "prediction_type": "validation"}
{"bedroc": 0.14222432155250223, "enrichment_0.1pct": 9.433962264150944, "enrichment_1": 5.345911949685535, "enrichment_5": 3.3333333333333335, "enrichment_10": 2.2955974842767297, "auc": 0.6040957140722951, "f1": 0.0, "model_type": "random_forest", "prediction_type": "screening"}
