{"bedroc": 0.35844382510286876, "enrichment_0.1pct": 3.7734814205402447, "enrichment_1": 4.654878540666433, "enrichment_5": 5.347593582887701, "enrichment_10": 5.204991087344029, "auc": 0.8537092085110429, "f1": 0.15198237885462554, "model_type": "random_forest", "fold": "0", "prediction_type": "validation"}
{"bedroc": 0.6165870623186329, "enrichment_0.1pct": 197.35182849936947, "enrichment_1": 51.576292559899116, "enrichment_5": 13.329129886506935, "enrichment_10": 7.3139974779319035, "auc": 0.8771204042600217, "f1": 0.0075282308657465494, "model_type": "random_forest", "prediction_type": "screening"}
