{"bedroc": 0.385106712454276, "enrichment_0.1pct": 7.403790087463556, "enrichment_1": 5.845097437471229, "enrichment_5": 6.070913291165912, "enrichment_10": 5.118969771568697, "auc": 0.8530373114127789, "f1": 0.18018018018018017, "model_type": "random_forest", "fold": "0", "prediction_type": "validation"}
{"bedroc": 0.5816429272772327, "enrichment_0.1pct": 133.66960907944514, "enrichment_1": 44.010088272383356, "enrichment_5": 13.102143757881462, "enrichment_10": 7.282471626733922, "auc": 0.8780734485751905, "f1": 0.0012531328320802004, "model_type": "random_forest", "prediction_type": "screening"}
