{"bedroc": 0.3327188213040555, "enrichment_0.1pct": 5.619887955182073, "enrichment_1": 6.783106659122502, "enrichment_5": 6.084943488861148, "enrichment_10": 5.148587694267738, "auc": 0.8563923659106422, "f1": 0.007637752318603383, "model_type": "random_forest", "fold": "0", "prediction_type": "validation"}
{"bedroc": 0.24184007668303753, "enrichment_0.1pct": 72.32704402515724, "enrichment_1": 15.09433962264151, "enrichment_5": 5.4088050314465415, "enrichment_10": 3.4905660377358494, "auc": 0.6331492895872962, "f1": 0.0, "model_type": "random_forest", "prediction_type": "screening"}
