{"bedroc": 0.6025346511360556, "enrichment_0.1pct": 13.389452282970801, "enrichment_1": 14.094160297864, "enrichment_5": 9.728695070695276, "enrichment_10": 6.236518913442882, "auc": 0.8646477883489968, "f1": 0.4276785714285714, "model_type": "random_forest", "fold": "0", "prediction_type": "validation"}
{"bedroc": 0.3544888725476322, "enrichment_0.1pct": 31.446540880503147, "enrichment_1": 24.528301886792452, "enrichment_5": 8.176100628930818, "enrichment_10": 5.000000000000001, "auc": 0.7456104563263696, "f1": 0.0, "model_type": "random_forest", "prediction_type": "screening"}
