{"bedroc": 0.3108713923852864, "enrichment_0.1pct": 11.345289718214095, "enrichment_1": 7.362336674473067, "enrichment_5": 4.909763591823044, "enrichment_10": 4.267251703852808, "auc": 0.8392210227022403, "f1": 0.05637467476149176, "model_type": "random_forest", "fold": "0", "prediction_type": "validation"}
{"bedroc": 0.2956312351470735, "enrichment_0.1pct": 66.03773584905662, "enrichment_1": 21.069182389937108, "enrichment_5": 6.729559748427674, "enrichment_10": 4.245283018867925, "auc": 0.6788132667068631, "f1": 0.0, "model_type": "random_forest", "prediction_type": "screening"}
