{"bedroc": 0.5757548749876013, "enrichment_0.1pct": 13.427149964463396, "enrichment_1": 11.513504327596412, "enrichment_5": 8.14226419690624, "enrichment_10": 5.640066522312546, "auc": 0.8523103965348809, "f1": 0.3856769861991794, "model_type": "random_forest", "fold": "0", "prediction_type": "validation"}
{"bedroc": 0.4005691049154839, "enrichment_0.1pct": 40.88050314465409, "enrichment_1": 30.503144654088054, "enrichment_5": 8.679245283018869, "enrichment_10": 5.377358490566038, "auc": 0.7719773708794113, "f1": 0.0, "model_type": "random_forest", "prediction_type": "screening"}
