{"bedroc": 0.6438181543507289, "enrichment_0.1pct": 19.483391608391607, "enrichment_1": 20.41117216117216, "enrichment_5": 12.31266399668554, "enrichment_10": 7.585480497958056, "auc": 0.8817732375458129, "f1": 0.45447219983883963, "model_type": "random_forest", "fold": "0", "prediction_type": "validation"}
{"bedroc": 0.23980983499033767, "enrichment_0.1pct": 31.446540880503147, "enrichment_1": 13.522012578616353, "enrichment_5": 5.534591194968554, "enrichment_10": 3.427672955974843, "auc": 0.6994224839599623, "f1": 0.0, "model_type": "random_forest", "prediction_type": "screening"}
