{"bedroc": 0.43407160266096206, "enrichment_0.1pct": 21.643010752688173, "enrichment_1": 11.362580645161291, "enrichment_5": 8.503636519209378, "enrichment_10": 6.104576840035059, "auc": 0.8377368490621705, "f1": 0.20192307692307693, "model_type": "random_forest", "fold": "0", "prediction_type": "validation"}
{"bedroc": 0.43407745552708166, "enrichment_0.1pct": 21.643010752688173, "enrichment_1": 11.362580645161291, "enrichment_5": 8.503636519209378, "enrichment_10": 6.104576840035059, "auc": 0.8377370316329422, "f1": 0.20192307692307693, "model_type": "random_forest", "fold": "0", "prediction_type": "validation"}
{"bedroc": 0.09467309339049011, "enrichment_0.1pct": 6.289308176100629, "enrichment_1": 1.8867924528301887, "enrichment_5": 1.8867924528301887, "enrichment_10": 1.8238993710691824, "auc": 0.5880735639971246, "f1": 0.0, "model_type": "random_forest", "prediction_type": "screening"}
{"bedroc": 0.43407160266096206, "enrichment_0.1pct": 21.643010752688173, "enrichment_1": 11.362580645161291, "enrichment_5": 8.503636519209378, "enrichment_10": 6.104576840035059, "auc": 0.8377368490621705, "f1": 0.20192307692307693, "model_type": "random_forest", "fold": "0", "prediction_type": "validation"}
{"bedroc": 0.09338772730322203, "enrichment_0.1pct": 6.289308176100629, "enrichment_1": 2.515723270440252, "enrichment_5": 1.8867924528301887, "enrichment_10": 1.6666666666666667, "auc": 0.5880735639971247, "f1": 0.0, "model_type": "random_forest", "prediction_type": "screening"}
