{"bedroc": 0.5866472121865445, "enrichment_0.1pct": 33.60047846889952, "enrichment_1": 17.325246710526315, "enrichment_5": 11.585133805127242, "enrichment_10": 7.7309512098002005, "auc": 0.8920462786098753, "f1": 0.32558139534883723, "model_type": "random_forest", "fold": "0", "prediction_type": "validation"}
{"bedroc": 0.3109875504691634, "enrichment_0.1pct": 12.578616352201259, "enrichment_1": 21.38364779874214, "enrichment_5": 6.666666666666667, "enrichment_10": 4.2767295597484285, "auc": 0.6977999192422437, "f1": 0.0, "model_type": "random_forest", "prediction_type": "screening"}
