{"bedroc": 0.6251333391333616, "enrichment_0.1pct": 11.35335577529981, "enrichment_1": 10.719680104120284, "enrichment_5": 8.602876442896315, "enrichment_10": 6.6362942423369695, "auc": 0.908591973006232, "f1": 0.44625850340136053, "model_type": "random_forest", "fold": "0", "prediction_type": "validation"}
{"bedroc": 0.6403746769330508, "enrichment_0.1pct": 157.62925598991174, "enrichment_1": 53.215636822194206, "enrichment_5": 13.883984867591426, "enrichment_10": 7.604035308953342, "auc": 0.8984257291837868, "f1": 0.018461538461538463, "model_type": "random_forest", "prediction_type": "screening"}
