{"bedroc": 0.6225467340805685, "enrichment_0.1pct": 29.811165845648606, "enrichment_1": 19.810000529689074, "enrichment_5": 12.762135461195022, "enrichment_10": 7.856569878513453, "auc": 0.9033385081976193, "f1": 0.3673469387755102, "model_type": "random_forest", "fold": "0", "prediction_type": "validation"}
{"bedroc": 0.40976802840739496, "enrichment_0.1pct": 56.60377358490566, "enrichment_1": 31.446540880503147, "enrichment_5": 9.30817610062893, "enrichment_10": 5.157232704402516, "auc": 0.7506218423999713, "f1": 0.0, "model_type": "random_forest", "prediction_type": "screening"}
