{"bedroc": 0.49902677004058366, "enrichment_0.1pct": 0.0, "enrichment_1": 0.0, "enrichment_5": 0.0, "enrichment_10": 0.0, "auc": 0.4993210475266731, "f1": 0.0, "model_type": "random_forest", "fold": "0", "prediction_type": "validation"}
{"bedroc": 0.042757033634212335, "enrichment_0.1pct": 3.1446540880503147, "enrichment_1": 2.515723270440252, "enrichment_5": 1.6981132075471699, "enrichment_10": 1.2264150943396228, "auc": 0.4998904651679234, "f1": 0.0, "model_type": "random_forest", "prediction_type": "screening"}
