{"bedroc": 0.4726131556195132, "enrichment_0.1pct": 29.901268115942027, "enrichment_1": 13.591485507246375, "enrichment_5": 8.970380434782609, "enrichment_10": 6.578278985507246, "auc": 0.8784374433760779, "f1": 0.2364217252396166, "model_type": "random_forest", "fold": "0", "prediction_type": "validation"}
{"bedroc": 0.0889846089656127, "enrichment_0.1pct": 9.433962264150944, "enrichment_1": 3.1446540880503147, "enrichment_5": 1.9496855345911952, "enrichment_10": 1.4465408805031448, "auc": 0.5565924099083636, "f1": 0.0, "model_type": "random_forest", "prediction_type": "screening"}
