{"bedroc": 0.3678818723066787, "enrichment_0.1pct": 0.0, "enrichment_1": 9.415272195834856, "enrichment_5": 8.47374497625137, "enrichment_10": 6.53049301691283, "auc": 0.7890637446305264, "f1": 0.0, "model_type": "random_forest", "fold": "0", "prediction_type": "validation"}
{"bedroc": 0.061879649736032966, "enrichment_0.1pct": 6.289308176100629, "enrichment_1": 1.5723270440251573, "enrichment_5": 1.0062893081761008, "enrichment_10": 1.0062893081761008, "auc": 0.5049679131297086, "f1": 0.0, "model_type": "random_forest", "prediction_type": "screening"}
{"bedroc": 0.3678818723066787, "enrichment_0.1pct": 0.0, "enrichment_1": 9.415272195834856, "enrichment_5": 8.47374497625137, "enrichment_10": 6.53049301691283, "auc": 0.7890637446305264, "f1": 0.0, "model_type": "random_forest", "fold": "0", "prediction_type": "validation"}
{"bedroc": 0.069968883129783, "enrichment_0.1pct": 0.0, "enrichment_1": 1.5723270440251573, "enrichment_5": 1.0691823899371071, "enrichment_10": 1.0062893081761008, "auc": 0.5049679131297086, "f1": 0.0, "model_type": "random_forest", "prediction_type": "screening"}
