{"bedroc": 0.6208750566278289, "enrichment_0.1pct": 19.348753565670346, "enrichment_1": 18.626599314184578, "enrichment_5": 11.790879320859897, "enrichment_10": 7.328359022340006, "auc": 0.8743863092805011, "f1": 0.4231697506033789, "model_type": "random_forest", "fold": "0", "prediction_type": "validation"}
{"bedroc": 0.24150617139644048, "enrichment_0.1pct": 15.723270440251573, "enrichment_1": 11.320754716981133, "enrichment_5": 6.037735849056604, "enrichment_10": 3.8364779874213837, "auc": 0.6930017912362799, "f1": 0.0, "model_type": "random_forest", "prediction_type": "screening"}
{"bedroc": 0.6208738323066297, "enrichment_0.1pct": 19.348753565670346, "enrichment_1": 18.626599314184578, "enrichment_5": 11.790879320859897, "enrichment_10": 7.328359022340006, "auc": 0.8743863409279096, "f1": 0.4231697506033789, "model_type": "random_forest", "fold": "0", "prediction_type": "validation"}
{"bedroc": 0.24430162823008542, "enrichment_0.1pct": 15.723270440251573, "enrichment_1": 11.320754716981133, "enrichment_5": 6.163522012578617, "enrichment_10": 3.867924528301887, "auc": 0.6930017912362798, "f1": 0.0, "model_type": "random_forest", "prediction_type": "screening"}
