{"bedroc": 0.3301233368332156, "enrichment_0.1pct": 15.549206349206349, "enrichment_1": 5.770839469808543, "enrichment_5": 7.059148894731717, "enrichment_10": 5.288953742886328, "auc": 0.8128789007779201, "f1": 0.08184143222506395, "model_type": "random_forest", "fold": "0", "prediction_type": "validation"}
{"bedroc": 0.3301203724021805, "enrichment_0.1pct": 15.549206349206349, "enrichment_1": 5.770839469808543, "enrichment_5": 7.059148894731717, "enrichment_10": 5.288953742886328, "auc": 0.8128791491560111, "f1": 0.08184143222506395, "model_type": "random_forest", "fold": "0", "prediction_type": "validation"}
{"bedroc": 0.05733245517359838, "enrichment_0.1pct": 6.289308176100629, "enrichment_1": 0.9433962264150944, "enrichment_5": 1.4465408805031448, "enrichment_10": 1.2264150943396228, "auc": 0.5086566396038469, "f1": 0.0, "model_type": "random_forest", "prediction_type": "screening"}
{"bedroc": 0.3301203724021805, "enrichment_0.1pct": 15.549206349206349, "enrichment_1": 5.770839469808543, "enrichment_5": 7.059148894731717, "enrichment_10": 5.288953742886328, "auc": 0.8128786523998291, "f1": 0.08184143222506395, "model_type": "random_forest", "fold": "0", "prediction_type": "validation"}
{"bedroc": 0.06096849886162635, "enrichment_0.1pct": 6.289308176100629, "enrichment_1": 0.9433962264150944, "enrichment_5": 1.0691823899371071, "enrichment_10": 1.1635220125786163, "auc": 0.5086566396038469, "f1": 0.0, "model_type": "random_forest", "prediction_type": "screening"}
