{"bedroc": 0.6344781787457147, "enrichment_0.1pct": 22.841022364217253, "enrichment_1": 16.954820522458185, "enrichment_5": 11.422215990465412, "enrichment_10": 7.466265960362363, "auc": 0.8930912567486828, "f1": 0.4249512670565302, "model_type": "random_forest", "fold": "0", "prediction_type": "validation"}
{"bedroc": 0.3634344611725474, "enrichment_0.1pct": 75.47169811320755, "enrichment_1": 25.157232704402517, "enrichment_5": 8.11320754716981, "enrichment_10": 4.937106918238994, "auc": 0.7532077008664856, "f1": 0.0, "model_type": "random_forest", "prediction_type": "screening"}
