{"bedroc": 0.6556535815640219, "enrichment_0.1pct": 24.813769799366423, "enrichment_1": 18.827156966271197, "enrichment_5": 11.82774768278676, "enrichment_10": 7.740838438823834, "auc": 0.904437548260704, "f1": 0.44499078057775043, "model_type": "random_forest", "fold": "0", "prediction_type": "validation"}
{"bedroc": 0.341725894511518, "enrichment_0.1pct": 50.314465408805034, "enrichment_1": 24.213836477987424, "enrichment_5": 7.358490566037736, "enrichment_10": 4.654088050314465, "auc": 0.7299734067005634, "f1": 0.0, "model_type": "random_forest", "prediction_type": "screening"}
