{"bedroc": 0.4796236745702197, "enrichment_0.1pct": 8.038193548387097, "enrichment_1": 8.2974901144641, "enrichment_5": 7.077329795173728, "enrichment_10": 6.053167588621625, "auc": 0.8781213639108135, "f1": 0.2774659182036889, "model_type": "random_forest", "fold": "0", "prediction_type": "validation"}
{"bedroc": 0.5188769492169851, "enrichment_0.1pct": 68.09583858764186, "enrichment_1": 35.49810844892812, "enrichment_5": 11.878940731399748, "enrichment_10": 6.702395964691047, "auc": 0.8649749056859161, "f1": 0.007434944237918215, "model_type": "random_forest", "prediction_type": "screening"}
