{"bedroc": 0.4642369989039807, "enrichment_0.1pct": 70.18439024390244, "enrichment_1": 32.00622871046229, "enrichment_5": 10.802102189781023, "enrichment_10": 5.701109489051095, "auc": 0.7529947815060476, "f1": 0.05084745762711865, "model_type": "random_forest", "fold": "0", "prediction_type": "validation"}
{"bedroc": 0.1266398759377487, "enrichment_0.1pct": 32.78688524590164, "enrichment_1": 5.548549810844893, "enrichment_5": 2.7616645649432536, "enrichment_10": 1.9230769230769234, "auc": 0.5459415966636073, "f1": 0.0, "model_type": "random_forest", "prediction_type": "screening"}
