{"bedroc": 0.5823505655220585, "enrichment_0.1pct": 14.71438897673368, "enrichment_1": 9.385124598341685, "enrichment_5": 7.818912822168706, "enrichment_10": 6.509495624110534, "auc": 0.8990881796077949, "f1": 0.39501039501039503, "model_type": "random_forest", "fold": "0", "prediction_type": "validation"}
{"bedroc": 0.5981280568458887, "enrichment_0.1pct": 88.27238335435058, "enrichment_1": 44.8297604035309, "enrichment_5": 13.682219419924339, "enrichment_10": 7.553593947036569, "auc": 0.8912885233837108, "f1": 0.012277470841006752, "model_type": "random_forest", "prediction_type": "screening"}
