{"bedroc": 0.4683537585507886, "enrichment_0.1pct": 5.319262119262119, "enrichment_1": 5.958264386835815, "enrichment_5": 7.061423549795642, "enrichment_10": 5.923645678326117, "auc": 0.8781413820131385, "f1": 0.2908805031446541, "model_type": "random_forest", "fold": "0", "prediction_type": "validation"}
{"bedroc": 0.4859357261124183, "enrichment_0.1pct": 58.63808322824716, "enrichment_1": 31.778058007566205, "enrichment_5": 11.160151324085751, "enrichment_10": 6.551071878940731, "auc": 0.8530610636110738, "f1": 0.006195786864931847, "model_type": "random_forest", "prediction_type": "screening"}
