{"bedroc": 0.6687412852634178, "enrichment_0.1pct": 36.52857142857143, "enrichment_1": 21.487394957983195, "enrichment_5": 13.457644012221477, "enrichment_10": 8.229166666666668, "auc": 0.9132323271806113, "f1": 0.40530973451327434, "model_type": "random_forest", "fold": "0", "prediction_type": "validation"}
{"bedroc": 0.28975006293029776, "enrichment_0.1pct": 9.433962264150944, "enrichment_1": 18.238993710691823, "enrichment_5": 6.477987421383649, "enrichment_10": 4.245283018867925, "auc": 0.7046277445787507, "f1": 0.0, "model_type": "random_forest", "prediction_type": "screening"}
