{"bedroc": 0.2619520584941409, "enrichment_0.1pct": 17.199564134495642, "enrichment_1": 7.22381693648817, "enrichment_5": 4.044390262060751, "enrichment_10": 3.5988218433591426, "auc": 0.7906191380954868, "f1": 0.143646408839779, "model_type": "random_forest", "fold": "0", "prediction_type": "validation"}
{"bedroc": 0.11972936830273216, "enrichment_0.1pct": 18.867924528301888, "enrichment_1": 3.4591194968553465, "enrichment_5": 2.8301886792452833, "enrichment_10": 2.1383647798742142, "auc": 0.5682160920883532, "f1": 0.0, "model_type": "random_forest", "prediction_type": "screening"}
