{"bedroc": 0.727825381803989, "enrichment_0.1pct": 42.8362827311218, "enrichment_1": 28.455391135216544, "enrichment_5": 15.209042987576858, "enrichment_10": 9.029047691951634, "auc": 0.9464239400534561, "f1": 0.394392523364486, "model_type": "random_forest", "fold": "0", "prediction_type": "validation"}
{"bedroc": 0.24668409705650257, "enrichment_0.1pct": 44.13619167717529, "enrichment_1": 13.366960907944515, "enrichment_5": 5.372005044136191, "enrichment_10": 3.6317780580075665, "auc": 0.6703005335945785, "f1": 0.0012594458438287153, "model_type": "random_forest", "prediction_type": "screening"}
