{"bedroc": 0.6958688679322728, "enrichment_0.1pct": 14.108994378513428, "enrichment_1": 11.262168461784555, "enrichment_5": 9.557302862658888, "enrichment_10": 7.327265528038482, "auc": 0.9381451731984378, "f1": 0.5058512646281615, "model_type": "random_forest", "fold": "0", "prediction_type": "validation"}
{"bedroc": 0.5251812299563945, "enrichment_0.1pct": 82.59773013871376, "enrichment_1": 31.273644388398488, "enrichment_5": 12.307692307692308, "enrichment_10": 7.440100882723834, "auc": 0.8922717062931419, "f1": 0.012300123001230012, "model_type": "random_forest", "prediction_type": "screening"}
