{"bedroc": 0.6141921897198571, "enrichment_0.1pct": 33.38788870703764, "enrichment_1": 19.838964227262096, "enrichment_5": 12.242225859247135, "enrichment_10": 7.79050736497545, "auc": 0.8952739261327388, "f1": 0.36699029126213595, "model_type": "random_forest", "fold": "0", "prediction_type": "validation"}
{"bedroc": 0.30176283806040327, "enrichment_0.1pct": 37.735849056603776, "enrichment_1": 21.069182389937108, "enrichment_5": 6.918238993710693, "enrichment_10": 4.339622641509434, "auc": 0.7189118419531625, "f1": 0.0, "model_type": "random_forest", "prediction_type": "screening"}
