{"bedroc": 0.1866122890110123, "enrichment_0.1pct": 0.0, "enrichment_1": 3.9721534653465347, "enrichment_5": 3.9721534653465347, "enrichment_10": 2.776169660647812, "auc": 0.7174715334781343, "f1": 0.042328042328042326, "model_type": "random_forest", "fold": "0", "prediction_type": "validation"}
{"bedroc": 0.4402940968706131, "enrichment_0.1pct": 133.66960907944514, "enrichment_1": 33.60655737704918, "enrichment_5": 9.684741488020178, "enrichment_10": 5.7313997477931915, "auc": 0.7853386729234026, "f1": 0.0025188916876574307, "model_type": "random_forest", "prediction_type": "screening"}
