{"bedroc": 0.5435376269058492, "enrichment_0.1pct": 15.028352835283528, "enrichment_1": 10.858097459296637, "enrichment_5": 9.188709185424319, "enrichment_10": 7.4653099984623035, "auc": 0.930411915436963, "f1": 0.18788694481830417, "model_type": "random_forest", "fold": "0", "prediction_type": "validation"}
{"bedroc": 0.6059661623029877, "enrichment_0.1pct": 330.39092055485503, "enrichment_1": 53.15258511979824, "enrichment_5": 12.749054224464059, "enrichment_10": 6.815889029003784, "auc": 0.8449288519258631, "f1": 0.006277463904582548, "model_type": "random_forest", "prediction_type": "screening"}
