{"bedroc": 0.7495075444518979, "enrichment_0.1pct": 12.195421235016758, "enrichment_1": 13.378134097628129, "enrichment_5": 10.57067860605535, "enrichment_10": 7.886854705578748, "auc": 0.9492727053673661, "f1": 0.543859649122807, "model_type": "random_forest", "fold": "0", "prediction_type": "validation"}
{"bedroc": 0.47165762440745995, "enrichment_0.1pct": 71.87894073139975, "enrichment_1": 27.238335435056747, "enrichment_5": 11.046658259773015, "enrichment_10": 6.960907944514502, "auc": 0.8755186450805555, "f1": 0.016816816816816817, "model_type": "random_forest", "prediction_type": "screening"}
