{"bedroc": 0.2708713556696866, "enrichment_0.1pct": 10.96551724137931, "enrichment_1": 5.862068965517241, "enrichment_5": 4.344827586206897, "enrichment_10": 3.9310344827586206, "auc": 0.8338869192949597, "f1": 0.12237093690248566, "model_type": "random_forest", "fold": "0", "prediction_type": "validation"}
{"bedroc": 0.07428498984331763, "enrichment_0.1pct": 9.433962264150944, "enrichment_1": 2.8301886792452833, "enrichment_5": 1.509433962264151, "enrichment_10": 1.2264150943396228, "auc": 0.5266878892645095, "f1": 0.0, "model_type": "random_forest", "prediction_type": "screening"}
