{"bedroc": 0.20713199022624154, "enrichment_0.1pct": 0.0, "enrichment_1": 3.2407135516076937, "enrichment_5": 3.096681838202907, "enrichment_10": 3.5611510791366907, "auc": 0.7735886615927569, "f1": 0.045081967213114756, "model_type": "random_forest", "fold": "0", "prediction_type": "validation"}
{"bedroc": 0.5936817645193918, "enrichment_0.1pct": 240.22698612862547, "enrichment_1": 48.80201765447667, "enrichment_5": 12.950819672131148, "enrichment_10": 6.986128625472888, "auc": 0.8618786150825122, "f1": 0.003775959723096287, "model_type": "random_forest", "prediction_type": "screening"}
