{"bedroc": 0.31163161019245567, "enrichment_0.1pct": 11.223115788214894, "enrichment_1": 6.9583317886932345, "enrichment_5": 4.745665329032045, "enrichment_10": 4.217339306073399, "auc": 0.8381338862607413, "f1": 0.04192139737991266, "model_type": "random_forest", "fold": "0", "prediction_type": "validation"}
{"bedroc": 0.3381551588922695, "enrichment_0.1pct": 128.93081761006292, "enrichment_1": 27.358490566037737, "enrichment_5": 7.044025157232705, "enrichment_10": 4.40251572327044, "auc": 0.6850215365341523, "f1": 0.0, "model_type": "random_forest", "prediction_type": "screening"}
