{"bedroc": 0.5636138463527313, "enrichment_0.1pct": 13.329417293233082, "enrichment_1": 11.154948158824624, "enrichment_5": 7.896128720956128, "enrichment_10": 5.538256950115062, "auc": 0.8470497399918165, "f1": 0.3780397936624908, "model_type": "random_forest", "fold": "0", "prediction_type": "validation"}
{"bedroc": 0.35490510401823105, "enrichment_0.1pct": 62.89308176100629, "enrichment_1": 27.672955974842772, "enrichment_5": 7.735849056603774, "enrichment_10": 4.559748427672956, "auc": 0.7718779996567211, "f1": 0.0, "model_type": "random_forest", "prediction_type": "screening"}
