{"bedroc": 0.5939260535735875, "enrichment_0.1pct": 34.30863254392666, "enrichment_1": 18.195828331332535, "enrichment_5": 11.839841819080574, "enrichment_10": 7.6991933521738325, "auc": 0.9013069033651887, "f1": 0.34146341463414637, "model_type": "random_forest", "fold": "0", "prediction_type": "validation"}
{"bedroc": 0.3476377821462728, "enrichment_0.1pct": 56.60377358490566, "enrichment_1": 26.100628930817614, "enrichment_5": 7.421383647798743, "enrichment_10": 4.8427672955974845, "auc": 0.726020317857305, "f1": 0.0, "model_type": "random_forest", "prediction_type": "screening"}
