{"bedroc": 0.7464747702988551, "enrichment_0.1pct": 16.49708081656384, "enrichment_1": 15.230002188542977, "enrichment_5": 14.31050957308411, "enrichment_10": 9.6621075173774, "auc": 0.968813089636188, "f1": 0.5043293868174589, "model_type": "random_forest", "fold": "0", "prediction_type": "validation"}
{"bedroc": 0.1001015509810358, "enrichment_0.1pct": 6.289308176100629, "enrichment_1": 3.1446540880503147, "enrichment_5": 2.3270440251572326, "enrichment_10": 1.8238993710691824, "auc": 0.5429027672938359, "f1": 0.0, "model_type": "random_forest", "prediction_type": "screening"}
