{"bedroc": 0.7381189274281517, "enrichment_0.1pct": 26.860881909324814, "enrichment_1": 24.01448989347472, "enrichment_5": 14.259305223966933, "enrichment_10": 8.341001356737939, "auc": 0.923979405927245, "f1": 0.532345013477089, "model_type": "random_forest", "fold": "0", "prediction_type": "validation"}
{"bedroc": 0.35976959144231696, "enrichment_0.1pct": 34.59119496855346, "enrichment_1": 26.100628930817614, "enrichment_5": 7.735849056603774, "enrichment_10": 4.654088050314465, "auc": 0.7310477436227236, "f1": 0.0, "model_type": "random_forest", "prediction_type": "screening"}
