{"bedroc": 0.4934842488511991, "enrichment_0.1pct": 15.92108019433403, "enrichment_1": 12.949919358955693, "enrichment_5": 10.22362054654397, "enrichment_10": 7.076231958529329, "auc": 0.8990662136338412, "f1": 0.045714285714285714, "model_type": "random_forest", "fold": "0", "prediction_type": "validation"}
{"bedroc": 0.14187835137893737, "enrichment_0.1pct": 25.157232704402517, "enrichment_1": 6.918238993710693, "enrichment_5": 3.4591194968553465, "enrichment_10": 2.3899371069182394, "auc": 0.5644490230912298, "f1": 0.0, "model_type": "random_forest", "prediction_type": "screening"}
