{"bedroc": 0.6094504060186955, "enrichment_0.1pct": 22.449256078383936, "enrichment_1": 16.965699600398114, "enrichment_5": 10.65646860149043, "enrichment_10": 6.5288231203038185, "auc": 0.8663663473683388, "f1": 0.4214689265536723, "model_type": "random_forest", "fold": "0", "prediction_type": "validation"}
{"bedroc": 0.28893405536400035, "enrichment_0.1pct": 22.012578616352204, "enrichment_1": 17.29559748427673, "enrichment_5": 6.540880503144654, "enrichment_10": 4.056603773584905, "auc": 0.7375754971212921, "f1": 0.0, "model_type": "random_forest", "prediction_type": "screening"}
