{"bedroc": 0.22470916235935393, "enrichment_0.1pct": 0.0, "enrichment_1": 3.7182307867384874, "enrichment_5": 3.2720430923298687, "enrichment_10": 3.6810484788711024, "auc": 0.7910740113485654, "f1": 0.06564551422319474, "model_type": "random_forest", "fold": "0", "prediction_type": "validation"}
{"bedroc": 0.5661538625229148, "enrichment_0.1pct": 223.83354350567464, "enrichment_1": 45.64943253467844, "enrichment_5": 12.26986128625473, "enrichment_10": 6.80327868852459, "auc": 0.8449409963445405, "f1": 0.001260239445494644, "model_type": "random_forest", "prediction_type": "screening"}
