{"bedroc": 0.21214983707256985, "enrichment_0.1pct": 5.184225676453655, "enrichment_1": 3.628957973517559, "enrichment_5": 3.31790443293034, "enrichment_10": 3.8363270005757055, "auc": 0.7522417029063054, "f1": 0.06321839080459771, "model_type": "random_forest", "fold": "0", "prediction_type": "validation"}
{"bedroc": 0.5383994785809942, "enrichment_0.1pct": 211.85372005044138, "enrichment_1": 44.70365699873897, "enrichment_5": 11.37452711223203, "enrichment_10": 6.5952080706179075, "auc": 0.8310578948325538, "f1": 0.003775959723096287, "model_type": "random_forest", "prediction_type": "screening"}
