{"bedroc": 0.7123699238788034, "enrichment_0.1pct": 12.915032679738562, "enrichment_1": 11.400815800772865, "enrichment_5": 9.385787891799056, "enrichment_10": 7.203747022340494, "auc": 0.9446422748178469, "f1": 0.5079575596816976, "model_type": "random_forest", "fold": "0", "prediction_type": "validation"}
{"bedroc": 0.6373939623241096, "enrichment_0.1pct": 126.73392181588903, "enrichment_1": 49.243379571248425, "enrichment_5": 14.237074401008828, "enrichment_10": 7.89407313997478, "auc": 0.9140102305661572, "f1": 0.007366482504604052, "model_type": "random_forest", "prediction_type": "screening"}
