{"bedroc": 0.5726553404530393, "enrichment_0.1pct": 27.986194567214582, "enrichment_1": 18.34280673569257, "enrichment_5": 11.75190696716553, "enrichment_10": 8.244657480463328, "auc": 0.9210105878961989, "f1": 0.14247740563530037, "model_type": "random_forest", "fold": "0", "prediction_type": "validation"}
{"bedroc": 0.5089494981743768, "enrichment_0.1pct": 203.65699873896597, "enrichment_1": 39.34426229508197, "enrichment_5": 10.933165195460278, "enrichment_10": 6.166456494325347, "auc": 0.8038361309511032, "f1": 0.0, "model_type": "random_forest", "prediction_type": "screening"}
