{"bedroc": 0.20141797651116908, "enrichment_0.1pct": 0.0, "enrichment_1": 1.9901960784313726, "enrichment_5": 3.733202198076683, "enrichment_10": 3.825353034695595, "auc": 0.7964280850443877, "f1": 0.021164021164021163, "model_type": "random_forest", "fold": "0", "prediction_type": "validation"}
{"bedroc": 0.20141797651116908, "enrichment_0.1pct": 0.0, "enrichment_1": 1.9901960784313726, "enrichment_5": 3.733202198076683, "enrichment_10": 3.825353034695595, "auc": 0.7964280850443877, "f1": 0.021164021164021163, "model_type": "random_forest", "fold": "0", "prediction_type": "validation"}
{"bedroc": 0.04407207169271434, "enrichment_0.1pct": 0.0, "enrichment_1": 0.9433962264150944, "enrichment_5": 0.5660377358490567, "enrichment_10": 1.0691823899371071, "auc": 0.5008035479810882, "f1": 0.0, "model_type": "random_forest", "prediction_type": "screening"}
{"bedroc": 0.20141797651116908, "enrichment_0.1pct": 0.0, "enrichment_1": 1.9901960784313726, "enrichment_5": 3.733202198076683, "enrichment_10": 3.825353034695595, "auc": 0.7964280850443877, "f1": 0.021164021164021163, "model_type": "random_forest", "fold": "0", "prediction_type": "validation"}
{"bedroc": 0.046730958492764305, "enrichment_0.1pct": 0.0, "enrichment_1": 0.9433962264150944, "enrichment_5": 0.5660377358490567, "enrichment_10": 0.9748427672955976, "auc": 0.5008035479810882, "f1": 0.0, "model_type": "random_forest", "prediction_type": "screening"}
{"bedroc": 0.20141797651116908, "enrichment_0.1pct": 0.0, "enrichment_1": 1.9901960784313726, "enrichment_5": 3.733202198076683, "enrichment_10": 3.825353034695595, "auc": 0.7964280850443877, "f1": 0.021164021164021163, "model_type": "random_forest", "fold": "0", "prediction_type": "validation"}
{"bedroc": 0.043867322113233326, "enrichment_0.1pct": 0.0, "enrichment_1": 0.9433962264150944, "enrichment_5": 0.628930817610063, "enrichment_10": 1.0377358490566038, "auc": 0.5008035479810882, "f1": 0.0, "model_type": "random_forest", "prediction_type": "screening"}
