{"bedroc": 0.34581504216394154, "enrichment_0.1pct": 13.526902887139109, "enrichment_1": 5.542730939120415, "enrichment_5": 5.831014448436664, "enrichment_10": 5.358229493158015, "auc": 0.8353332553901234, "f1": 0.10801963993453355, "model_type": "random_forest", "fold": "0", "prediction_type": "validation"}
{"bedroc": 0.44389410706635435, "enrichment_0.1pct": 81.33669609079446, "enrichment_1": 26.103404791929382, "enrichment_5": 9.911727616645651, "enrichment_10": 6.343001261034048, "auc": 0.8396348408702304, "f1": 0.0, "model_type": "random_forest", "prediction_type": "screening"}
