{"bedroc": 0.602589171266512, "enrichment_0.1pct": 18.63359234907352, "enrichment_1": 14.613211260624261, "enrichment_5": 9.54505618566, "enrichment_10": 6.354184027702032, "auc": 0.8590510820785776, "f1": 0.4200913242009132, "model_type": "random_forest", "fold": "0", "prediction_type": "validation"}
{"bedroc": 0.37199103275870454, "enrichment_0.1pct": 40.88050314465409, "enrichment_1": 27.044025157232706, "enrichment_5": 8.616352201257861, "enrichment_10": 5.062893081761007, "auc": 0.7476754321710782, "f1": 0.0, "model_type": "random_forest", "prediction_type": "screening"}
