{"bedroc": 0.33239385803220417, "enrichment_0.1pct": 7.3036892118501955, "enrichment_1": 7.546866005356115, "enrichment_5": 5.992770635364263, "enrichment_10": 5.115098070296922, "auc": 0.8567511892035138, "f1": 0.010834236186348862, "model_type": "random_forest", "fold": "0", "prediction_type": "validation"}
{"bedroc": 0.21973424358162458, "enrichment_0.1pct": 40.88050314465409, "enrichment_1": 10.69182389937107, "enrichment_5": 5.786163522012579, "enrichment_10": 3.2389937106918243, "auc": 0.6230964984600952, "f1": 0.0, "model_type": "random_forest", "prediction_type": "screening"}
