{"bedroc": 0.6863762607900056, "enrichment_0.1pct": 36.790884557721135, "enrichment_1": 24.34690889849193, "enrichment_5": 14.034081550773909, "enrichment_10": 7.976636095097991, "auc": 0.8984125531128794, "f1": 0.44703770197486536, "model_type": "random_forest", "fold": "0", "prediction_type": "validation"}
{"bedroc": 0.26481996145982295, "enrichment_0.1pct": 6.289308176100629, "enrichment_1": 14.465408805031448, "enrichment_5": 5.9748427672955975, "enrichment_10": 3.9308176100628933, "auc": 0.6912351351000058, "f1": 0.0, "model_type": "random_forest", "prediction_type": "screening"}
