{"bedroc": 0.5342850090544988, "enrichment_0.1pct": 9.981815347846418, "enrichment_1": 8.890054294175716, "enrichment_5": 8.277628331688055, "enrichment_10": 6.091453478542611, "auc": 0.8957645612260677, "f1": 0.33877038895859474, "model_type": "random_forest", "fold": "0", "prediction_type": "validation"}
{"bedroc": 0.6102964133165762, "enrichment_0.1pct": 128.62547288776796, "enrichment_1": 45.775535939470366, "enrichment_5": 13.656998738965951, "enrichment_10": 7.540983606557377, "auc": 0.8983614431151108, "f1": 0.0062266500622665, "model_type": "random_forest", "prediction_type": "screening"}
