{"bedroc": 0.42475686332504575, "enrichment_0.1pct": 32.43939393939394, "enrichment_1": 13.57744005028935, "enrichment_5": 8.654179861486574, "enrichment_10": 5.870510542982931, "auc": 0.8504175934800562, "f1": 0.19969278033794163, "model_type": "random_forest", "fold": "0", "prediction_type": "validation"}
{"bedroc": 0.1460708985932624, "enrichment_0.1pct": 6.289308176100629, "enrichment_1": 6.289308176100629, "enrichment_5": 3.647798742138365, "enrichment_10": 2.578616352201258, "auc": 0.60945150998269, "f1": 0.0, "model_type": "random_forest", "prediction_type": "screening"}
