{"bedroc": 0.579052470566204, "enrichment_0.1pct": 19.74568186382808, "enrichment_1": 17.374190301556617, "enrichment_5": 12.038237172932012, "enrichment_10": 8.413945098338642, "auc": 0.9284884213224843, "f1": 0.11643090315560392, "model_type": "random_forest", "fold": "0", "prediction_type": "validation"}
{"bedroc": 0.49693244679689424, "enrichment_0.1pct": 189.78562421185373, "enrichment_1": 38.587641866330394, "enrichment_5": 10.50441361916772, "enrichment_10": 5.895334174022699, "auc": 0.793640595762938, "f1": 0.001260239445494644, "model_type": "random_forest", "prediction_type": "screening"}
