{"bedroc": 0.7077551956141294, "enrichment_0.1pct": 11.347185224649264, "enrichment_1": 11.008729150444653, "enrichment_5": 9.250152454863827, "enrichment_10": 7.092138777317829, "auc": 0.9421154960355509, "f1": 0.5130890052356021, "model_type": "random_forest", "fold": "0", "prediction_type": "validation"}
{"bedroc": 0.6430402544941857, "enrichment_0.1pct": 133.66960907944514, "enrichment_1": 50.126103404791934, "enrichment_5": 14.401008827238336, "enrichment_10": 7.944514501891551, "auc": 0.9180262752968327, "f1": 0.013613861386138614, "model_type": "random_forest", "prediction_type": "screening"}
