{"bedroc": 0.2485090358989455, "enrichment_0.1pct": 0.0, "enrichment_1": 0.0, "enrichment_5": 4.90644402917596, "enrichment_10": 4.623379950569655, "auc": 0.7793464432965989, "f1": 0.02040816326530612, "model_type": "random_forest", "fold": "0", "prediction_type": "validation"}
{"bedroc": 0.07924257298856005, "enrichment_0.1pct": 3.1446540880503147, "enrichment_1": 2.8301886792452833, "enrichment_5": 1.509433962264151, "enrichment_10": 1.7295597484276732, "auc": 0.5358727738942998, "f1": 0.0, "model_type": "random_forest", "prediction_type": "screening"}
