{"bedroc": 0.6381804899583055, "enrichment_0.1pct": 11.799452813396183, "enrichment_1": 11.250794783417536, "enrichment_5": 9.736279421213078, "enrichment_10": 7.059560857592971, "auc": 0.9186298282047648, "f1": 0.42610364683301344, "model_type": "random_forest", "fold": "0", "prediction_type": "validation"}
{"bedroc": 0.4261732484982136, "enrichment_0.1pct": 68.09583858764186, "enrichment_1": 24.14880201765448, "enrichment_5": 9.747793190416141, "enrichment_10": 6.349306431273645, "auc": 0.854186150015766, "f1": 0.006150061500615006, "model_type": "random_forest", "prediction_type": "screening"}
