{"bedroc": 0.1776471528877928, "enrichment_0.1pct": 6.9523809523809526, "enrichment_1": 4.171428571428572, "enrichment_5": 2.085714285714286, "enrichment_10": 3.198095238095238, "auc": 0.7579951154169905, "f1": 0.04152249134948097, "model_type": "random_forest", "fold": "0", "prediction_type": "validation"}
{"bedroc": 0.11076911059133122, "enrichment_0.1pct": 6.289308176100629, "enrichment_1": 3.1446540880503147, "enrichment_5": 2.8930817610062896, "enrichment_10": 1.8867924528301887, "auc": 0.547201544682404, "f1": 0.0, "model_type": "random_forest", "prediction_type": "screening"}
