{"bedroc": 0.6463536603095619, "enrichment_0.1pct": 11.85067327661285, "enrichment_1": 11.521207750057373, "enrichment_5": 9.786773152667836, "enrichment_10": 7.143573789388254, "auc": 0.9229958848004053, "f1": 0.4462340123164377, "model_type": "random_forest", "fold": "0", "prediction_type": "validation"}
{"bedroc": 0.5712833377761716, "enrichment_0.1pct": 102.77427490542246, "enrichment_1": 37.704918032786885, "enrichment_5": 13.08953341740227, "enrichment_10": 7.717528373266078, "auc": 0.8990208843230408, "f1": 0.011131725417439703, "model_type": "random_forest", "prediction_type": "screening"}
