{"bedroc": 0.5938112333804025, "enrichment_0.1pct": 37.83787503440683, "enrichment_1": 17.923203963666392, "enrichment_5": 12.25715883966863, "enrichment_10": 7.785993979915292, "auc": 0.8958948242077193, "f1": 0.32723112128146453, "model_type": "random_forest", "fold": "0", "prediction_type": "validation"}
{"bedroc": 0.18833428428004279, "enrichment_0.1pct": 6.289308176100629, "enrichment_1": 7.547169811320755, "enrichment_5": 4.591194968553459, "enrichment_10": 2.9874213836477987, "auc": 0.6475394143891215, "f1": 0.0, "model_type": "random_forest", "prediction_type": "screening"}
