{"bedroc": 0.34739215776325666, "enrichment_0.1pct": 10.68303186907838, "enrichment_1": 3.8769067266816704, "enrichment_5": 5.996282403934317, "enrichment_10": 5.324285237976161, "auc": 0.8475895188843815, "f1": 0.1152, "model_type": "random_forest", "fold": "0", "prediction_type": "validation"}
{"bedroc": 0.4998298695567594, "enrichment_0.1pct": 79.44514501891551, "enrichment_1": 32.59773013871375, "enrichment_5": 11.349306431273645, "enrichment_10": 6.708701134930643, "auc": 0.8567576840172422, "f1": 0.005031446540880503, "model_type": "random_forest", "prediction_type": "screening"}
