{"bedroc": 0.20248592721292852, "enrichment_0.1pct": 17.10144927536232, "enrichment_1": 5.797101449275362, "enrichment_5": 4.057971014492754, "enrichment_10": 3.9130434782608696, "auc": 0.6963555608578835, "f1": 0.056338028169014086, "model_type": "random_forest", "fold": "0", "prediction_type": "validation"}
{"bedroc": 0.3240602572808019, "enrichment_0.1pct": 75.03152585119798, "enrichment_1": 20.113493064312735, "enrichment_5": 7.276166456494326, "enrichment_10": 4.564943253467844, "auc": 0.7364826027067579, "f1": 0.0, "model_type": "random_forest", "prediction_type": "screening"}
