{"bedroc": 0.6521838114127287, "enrichment_0.1pct": 12.652508876532458, "enrichment_1": 12.407902640307121, "enrichment_5": 10.04963046146614, "enrichment_10": 7.028575905565277, "auc": 0.9202085199517377, "f1": 0.45728155339805826, "model_type": "random_forest", "fold": "0", "prediction_type": "validation"}
{"bedroc": 0.6137645568035413, "enrichment_0.1pct": 119.16771752837327, "enrichment_1": 45.14501891551072, "enrichment_5": 13.921815889029004, "enrichment_10": 7.755359394703658, "auc": 0.9057402928813066, "f1": 0.004956629491945477, "model_type": "random_forest", "prediction_type": "screening"}
