{"bedroc": 0.18931779257418227, "enrichment_0.1pct": 7.5578231292517, "enrichment_1": 4.122448979591836, "enrichment_5": 3.2682478396764107, "enrichment_10": 2.5873628730771583, "auc": 0.7514304080276074, "f1": 0.08759124087591241, "model_type": "random_forest", "fold": "0", "prediction_type": "validation"}
{"bedroc": 0.05888664932087119, "enrichment_0.1pct": 6.289308176100629, "enrichment_1": 1.257861635220126, "enrichment_5": 1.509433962264151, "enrichment_10": 1.1949685534591197, "auc": 0.5113531055705902, "f1": 0.0, "model_type": "random_forest", "prediction_type": "screening"}
