{"bedroc": 0.6844535522459932, "enrichment_0.1pct": 14.268867924528301, "enrichment_1": 12.225956764189137, "enrichment_5": 9.09801558853587, "enrichment_10": 7.182389937106918, "auc": 0.9360367446584329, "f1": 0.4798154555940023, "model_type": "random_forest", "fold": "0", "prediction_type": "validation"}
{"bedroc": 0.5636015049473397, "enrichment_0.1pct": 78.81462799495587, "enrichment_1": 37.389659520807065, "enrichment_5": 13.266078184110972, "enrichment_10": 7.578814627994956, "auc": 0.8925040912491248, "f1": 0.010962241169305725, "model_type": "random_forest", "prediction_type": "screening"}
