{"bedroc": 0.7200243437001423, "enrichment_0.1pct": 40.35377885331348, "enrichment_1": 28.293600562587905, "enrichment_5": 15.109237325126323, "enrichment_10": 9.12188914881354, "auc": 0.949229043291091, "f1": 0.39462714219546086, "model_type": "random_forest", "fold": "0", "prediction_type": "validation"}
{"bedroc": 0.22996936881263538, "enrichment_0.1pct": 53.59394703656999, "enrichment_1": 12.673392181588904, "enrichment_5": 4.741488020176544, "enrichment_10": 3.348045397225725, "auc": 0.6583767627841111, "f1": 0.0025188916876574307, "model_type": "random_forest", "prediction_type": "screening"}
