{"bedroc": 0.23920685911222517, "enrichment_0.1pct": 7.622456140350878, "enrichment_1": 5.2933723196881095, "enrichment_5": 3.64979483700042, "enrichment_10": 3.9305482860004526, "auc": 0.7785068229806814, "f1": 0.08761904761904762, "model_type": "random_forest", "fold": "0", "prediction_type": "validation"}
{"bedroc": 0.09428111822810678, "enrichment_0.1pct": 9.433962264150944, "enrichment_1": 2.515723270440252, "enrichment_5": 2.20125786163522, "enrichment_10": 2.0440251572327046, "auc": 0.5469487457388809, "f1": 0.0, "model_type": "random_forest", "prediction_type": "screening"}
