{"bedroc": 0.4461878619203181, "enrichment_0.1pct": 21.430044444444444, "enrichment_1": 12.322275555555555, "enrichment_5": 8.69795130588756, "enrichment_10": 6.296676405489155, "auc": 0.8419880668799201, "f1": 0.19249592169657423, "model_type": "random_forest", "fold": "0", "prediction_type": "validation"}
{"bedroc": 0.23124872462036655, "enrichment_0.1pct": 25.157232704402517, "enrichment_1": 13.20754716981132, "enrichment_5": 5.220125786163522, "enrichment_10": 3.427672955974843, "auc": 0.6746840841299483, "f1": 0.0, "model_type": "random_forest", "prediction_type": "screening"}
