{"bedroc": 0.2746495238748931, "enrichment_0.1pct": 14.25993265993266, "enrichment_1": 7.469488536155203, "enrichment_5": 4.178241138543596, "enrichment_10": 3.9760681802269704, "auc": 0.8436569890267297, "f1": 0.13448275862068965, "model_type": "random_forest", "fold": "0", "prediction_type": "validation"}
{"bedroc": 0.09245972181439509, "enrichment_0.1pct": 6.289308176100629, "enrichment_1": 3.1446540880503147, "enrichment_5": 1.8238993710691824, "enrichment_10": 1.8867924528301887, "auc": 0.5493729930646246, "f1": 0.0, "model_type": "random_forest", "prediction_type": "screening"}
