{"bedroc": 0.48472524253773835, "enrichment_0.1pct": 4.437505354236271, "enrichment_1": 5.611687515951548, "enrichment_5": 5.71189685693972, "enrichment_10": 5.51557751456504, "auc": 0.9092925454058828, "f1": 0.24126426690079017, "model_type": "random_forest", "fold": "0", "prediction_type": "validation"}
{"bedroc": 0.618378957268602, "enrichment_0.1pct": 320.9331651954603, "enrichment_1": 53.97225725094577, "enrichment_5": 12.91298865069357, "enrichment_10": 7.099621689785624, "auc": 0.8563649444866974, "f1": 0.007514088916718848, "model_type": "random_forest", "prediction_type": "screening"}
