{"bedroc": 0.6976625162890354, "enrichment_0.1pct": 13.119696696154541, "enrichment_1": 11.965163386892943, "enrichment_5": 9.458100409695772, "enrichment_10": 7.269016261715246, "auc": 0.9365174088878383, "f1": 0.49695415197178583, "model_type": "random_forest", "fold": "0", "prediction_type": "validation"}
{"bedroc": 0.491369457508435, "enrichment_0.1pct": 53.59394703656999, "enrichment_1": 27.93190416141236, "enrichment_5": 11.80327868852459, "enrichment_10": 7.011349306431273, "auc": 0.878724226295035, "f1": 0.021454112038140644, "model_type": "random_forest", "prediction_type": "screening"}
