{"bedroc": 0.6387847224802091, "enrichment_0.1pct": 10.864032803957304, "enrichment_1": 10.87381434609772, "enrichment_5": 9.732579723104129, "enrichment_10": 7.1796491957360455, "auc": 0.9179373493450257, "f1": 0.43915827996340345, "model_type": "random_forest", "fold": "0", "prediction_type": "validation"}
{"bedroc": 0.4789411115757712, "enrichment_0.1pct": 60.529634300126105, "enrichment_1": 29.192938209331654, "enrichment_5": 11.172761664564943, "enrichment_10": 6.721311475409836, "auc": 0.8612386903257825, "f1": 0.013496932515337423, "model_type": "random_forest", "prediction_type": "screening"}
