{"bedroc": 0.7190465494156176, "enrichment_0.1pct": 12.955957019718973, "enrichment_1": 11.649722301946213, "enrichment_5": 9.600023951427435, "enrichment_10": 7.205363628720851, "auc": 0.9474419120617092, "f1": 0.5273566249176005, "model_type": "random_forest", "fold": "0", "prediction_type": "validation"}
{"bedroc": 0.6131768076144387, "enrichment_0.1pct": 108.44892812105927, "enrichment_1": 43.5687263556116, "enrichment_5": 13.997477931904163, "enrichment_10": 8.013871374527113, "auc": 0.912592615898904, "f1": 0.009888751545117428, "model_type": "random_forest", "prediction_type": "screening"}
