{"bedroc": 0.5734173025787229, "enrichment_0.1pct": 23.762887635924287, "enrichment_1": 17.42410208757977, "enrichment_5": 11.72938872714832, "enrichment_10": 8.331257732445893, "auc": 0.9279446384775456, "f1": 0.1509433962264151, "model_type": "random_forest", "fold": "0", "prediction_type": "validation"}
{"bedroc": 0.4565240826650384, "enrichment_0.1pct": 177.1752837326608, "enrichment_1": 34.42622950819673, "enrichment_5": 9.836065573770492, "enrichment_10": 5.674653215636822, "auc": 0.7763595262590883, "f1": 0.0, "model_type": "random_forest", "prediction_type": "screening"}
