{"bedroc": 0.6836852041739313, "enrichment_0.1pct": 14.96361204013378, "enrichment_1": 12.949472995090018, "enrichment_5": 10.542043003725247, "enrichment_10": 7.464074243513497, "auc": 0.9338853103476888, "f1": 0.4928639391056137, "model_type": "random_forest", "fold": "0", "prediction_type": "validation"}
{"bedroc": 0.571324616764121, "enrichment_0.1pct": 103.4047919293821, "enrichment_1": 40.85750315258512, "enrichment_5": 12.938209331651954, "enrichment_10": 7.3013871374527115, "auc": 0.8939918193230504, "f1": 0.00865265760197775, "model_type": "random_forest", "prediction_type": "screening"}
