{"bedroc": 0.7009323237305192, "enrichment_0.1pct": 11.369621749408985, "enrichment_1": 11.36369389656779, "enrichment_5": 9.234714608690267, "enrichment_10": 7.154776007308991, "auc": 0.9400603260716001, "f1": 0.5121713729308666, "model_type": "random_forest", "fold": "0", "prediction_type": "validation"}
{"bedroc": 0.6362995950405532, "enrichment_0.1pct": 124.21185372005046, "enrichment_1": 46.721311475409834, "enrichment_5": 14.37578814627995, "enrichment_10": 8.032786885245901, "auc": 0.9171599425920279, "f1": 0.009894867037724181, "model_type": "random_forest", "prediction_type": "screening"}
