{"bedroc": 0.5808289939633718, "enrichment_0.1pct": 24.755318444995865, "enrichment_1": 18.7887453375415, "enrichment_5": 11.92273202378807, "enrichment_10": 8.309782925670474, "auc": 0.9208279699407697, "f1": 0.15013404825737264, "model_type": "random_forest", "fold": "0", "prediction_type": "validation"}
{"bedroc": 0.5061468588781352, "enrichment_0.1pct": 181.58890290037832, "enrichment_1": 38.902900378310214, "enrichment_5": 11.084489281210592, "enrichment_10": 6.109709962168979, "auc": 0.8008349353676444, "f1": 0.001260239445494644, "model_type": "random_forest", "prediction_type": "screening"}
