{"bedroc": 0.4693050082656237, "enrichment_0.1pct": 5.385695708712614, "enrichment_1": 6.384655396618985, "enrichment_5": 6.922978697733032, "enrichment_10": 5.943165499553278, "auc": 0.8742439423332217, "f1": 0.2720527617477329, "model_type": "random_forest", "fold": "0", "prediction_type": "validation"}
{"bedroc": 0.4848766726301438, "enrichment_0.1pct": 64.31273644388398, "enrichment_1": 28.625472887767973, "enrichment_5": 11.361916771752838, "enrichment_10": 6.702395964691047, "auc": 0.8574774140967903, "f1": 0.009962640099626401, "model_type": "random_forest", "prediction_type": "screening"}
