{"bedroc": 0.5783206888002886, "enrichment_0.1pct": 12.251786695986807, "enrichment_1": 11.185216122709445, "enrichment_5": 8.302435272251605, "enrichment_10": 5.586274328879226, "auc": 0.8471072647182567, "f1": 0.4098124098124098, "model_type": "random_forest", "fold": "0", "prediction_type": "validation"}
{"bedroc": 0.43719606789683396, "enrichment_0.1pct": 185.53459119496856, "enrichment_1": 35.534591194968556, "enrichment_5": 9.245283018867925, "enrichment_10": 5.314465408805032, "auc": 0.7725376276574191, "f1": 0.0, "model_type": "random_forest", "prediction_type": "screening"}
