{"bedroc": 0.3112001663200512, "enrichment_0.1pct": 11.671717096326372, "enrichment_1": 7.688019990745026, "enrichment_5": 4.989388448033703, "enrichment_10": 4.137105900656615, "auc": 0.8421021935022219, "f1": 0.05211448099102947, "model_type": "random_forest", "fold": "0", "prediction_type": "validation"}
{"bedroc": 0.3047021658645116, "enrichment_0.1pct": 113.20754716981132, "enrichment_1": 22.955974842767297, "enrichment_5": 6.2264150943396235, "enrichment_10": 4.056603773584905, "auc": 0.6859884336300704, "f1": 0.0, "model_type": "random_forest", "prediction_type": "screening"}
