{"bedroc": 0.732524415799071, "enrichment_0.1pct": 12.728788566243194, "enrichment_1": 12.916422584715214, "enrichment_5": 10.399710400402922, "enrichment_10": 7.736802770934854, "auc": 0.9506220939986578, "f1": 0.5194453838349679, "model_type": "random_forest", "fold": "0", "prediction_type": "validation"}
{"bedroc": 0.4870178613395377, "enrichment_0.1pct": 72.5094577553594, "enrichment_1": 27.238335435056747, "enrichment_5": 11.67717528373266, "enrichment_10": 7.1437578814627996, "auc": 0.8876826089431307, "f1": 0.012172854534388313, "model_type": "random_forest", "prediction_type": "screening"}
