{"bedroc": 0.5447839171690041, "enrichment_0.1pct": 12.875239288812988, "enrichment_1": 10.782163553621917, "enrichment_5": 9.325687689985122, "enrichment_10": 7.505092860439125, "auc": 0.9282662420854904, "f1": 0.18260633974532647, "model_type": "random_forest", "fold": "0", "prediction_type": "validation"}
{"bedroc": 0.5983082502509735, "enrichment_0.1pct": 322.8247162673392, "enrichment_1": 51.95460277427491, "enrichment_5": 12.62295081967213, "enrichment_10": 6.658259773013872, "auc": 0.8361232380507566, "f1": 0.001260239445494644, "model_type": "random_forest", "prediction_type": "screening"}
