{"bedroc": 0.526340367821609, "enrichment_0.1pct": 6.3038789634637045, "enrichment_1": 8.189654721764812, "enrichment_5": 8.462050668524228, "enrichment_10": 6.382221347585743, "auc": 0.8936248236984371, "f1": 0.33078880407124683, "model_type": "random_forest", "fold": "0", "prediction_type": "validation"}
{"bedroc": 0.5532357797993573, "enrichment_0.1pct": 94.57755359394703, "enrichment_1": 38.08322824716267, "enrichment_5": 12.862547288776799, "enrichment_10": 7.395964691046659, "auc": 0.8836117158736834, "f1": 0.009894867037724181, "model_type": "random_forest", "prediction_type": "screening"}
