{"bedroc": 0.5860214010062348, "enrichment_0.1pct": 30.455182072829132, "enrichment_1": 16.799471401463812, "enrichment_5": 10.943692840521676, "enrichment_10": 7.575271253855728, "auc": 0.9016416623615979, "f1": 0.33981403212172445, "model_type": "random_forest", "fold": "0", "prediction_type": "validation"}
{"bedroc": 0.37780488805002127, "enrichment_0.1pct": 103.77358490566039, "enrichment_1": 29.55974842767296, "enrichment_5": 8.427672955974844, "enrichment_10": 4.748427672955976, "auc": 0.7171300064615517, "f1": 0.0, "model_type": "random_forest", "prediction_type": "screening"}
