{"bedroc": 0.4204442172852477, "enrichment_0.1pct": 0.0, "enrichment_1": 0.0, "enrichment_5": 0.0, "enrichment_10": 0.0, "auc": 0.49778015618186866, "f1": 0.0, "model_type": "random_forest", "fold": "0", "prediction_type": "validation"}
{"bedroc": 0.048760605819654086, "enrichment_0.1pct": 0.0, "enrichment_1": 0.9433962264150944, "enrichment_5": 0.9433962264150944, "enrichment_10": 0.8490566037735849, "auc": 0.5002783337931652, "f1": 0.0, "model_type": "random_forest", "prediction_type": "screening"}
