{"bedroc": 0.3632161371845088, "enrichment_0.1pct": 5.936041486603285, "enrichment_1": 4.130676070969682, "enrichment_5": 6.111988294515238, "enrichment_10": 4.98345022109108, "auc": 0.8431716026456099, "f1": 0.16397228637413394, "model_type": "random_forest", "fold": "0", "prediction_type": "validation"}
{"bedroc": 0.6028310860165241, "enrichment_0.1pct": 176.54476670870116, "enrichment_1": 48.54981084489281, "enrichment_5": 13.152585119798236, "enrichment_10": 7.194199243379572, "auc": 0.8736712428433565, "f1": 0.0025188916876574307, "model_type": "random_forest", "prediction_type": "screening"}
