{"bedroc": 0.5244613855701246, "enrichment_0.1pct": 14.936678614097968, "enrichment_1": 13.478954631706054, "enrichment_5": 10.006937033084311, "enrichment_10": 6.613961290322581, "auc": 0.8668650353941421, "f1": 0.32093517534537724, "model_type": "random_forest", "fold": "0", "prediction_type": "validation"}
{"bedroc": 0.21223323060968274, "enrichment_0.1pct": 12.578616352201259, "enrichment_1": 9.748427672955975, "enrichment_5": 4.779874213836479, "enrichment_10": 3.5849056603773586, "auc": 0.6712175887026415, "f1": 0.0, "model_type": "random_forest", "prediction_type": "screening"}
