{"bedroc": 0.21666351749296434, "enrichment_0.1pct": 11.965686274509803, "enrichment_1": 2.960582171012735, "enrichment_5": 3.0159414175506267, "enrichment_10": 3.530858244937319, "auc": 0.7954080138692644, "f1": 0.0498960498960499, "model_type": "random_forest", "fold": "0", "prediction_type": "validation"}
{"bedroc": 0.5539306076359405, "enrichment_0.1pct": 181.58890290037832, "enrichment_1": 44.13619167717529, "enrichment_5": 12.232030264817151, "enrichment_10": 6.841109709962169, "auc": 0.8494272789910878, "f1": 0.0037735849056603774, "model_type": "random_forest", "prediction_type": "screening"}
