{"bedroc": 0.2072965073587565, "enrichment_0.1pct": 6.902463054187192, "enrichment_1": 4.831724137931035, "enrichment_5": 3.175133004926108, "enrichment_10": 3.0370837438423646, "auc": 0.7954007910780072, "f1": 0.0898876404494382, "model_type": "random_forest", "fold": "0", "prediction_type": "validation"}
{"bedroc": 0.08235705359903461, "enrichment_0.1pct": 3.1446540880503147, "enrichment_1": 2.515723270440252, "enrichment_5": 1.6352201257861636, "enrichment_10": 1.477987421383648, "auc": 0.516501107415051, "f1": 0.0, "model_type": "random_forest", "prediction_type": "screening"}
