{"bedroc": 0.4707176396829836, "enrichment_0.1pct": 20.210667347199184, "enrichment_1": 12.216225596529284, "enrichment_5": 8.903321413852757, "enrichment_10": 6.662843338072928, "auc": 0.8747039788532998, "f1": 0.21897810218978103, "model_type": "random_forest", "fold": "0", "prediction_type": "validation"}
{"bedroc": 0.13158327262722286, "enrichment_0.1pct": 3.1446540880503147, "enrichment_1": 5.031446540880504, "enrichment_5": 3.0817610062893084, "enrichment_10": 2.3899371069182394, "auc": 0.6250618482841065, "f1": 0.0, "model_type": "random_forest", "prediction_type": "screening"}
