{"bedroc": 0.24977519342204593, "enrichment_0.1pct": 3.847163120567376, "enrichment_1": 2.493531652219595, "enrichment_5": 4.400813901756039, "enrichment_10": 3.9749286854570673, "auc": 0.793154890744436, "f1": 0.07524752475247524, "model_type": "random_forest", "fold": "0", "prediction_type": "validation"}
{"bedroc": 0.0936918638847566, "enrichment_0.1pct": 6.289308176100629, "enrichment_1": 2.515723270440252, "enrichment_5": 2.0754716981132075, "enrichment_10": 1.6666666666666667, "auc": 0.5423886887225106, "f1": 0.0, "model_type": "random_forest", "prediction_type": "screening"}
