{"bedroc": 0.7070859328444408, "enrichment_0.1pct": 10.553209995107544, "enrichment_1": 11.358300242156984, "enrichment_5": 9.847609038360483, "enrichment_10": 7.383079348397267, "auc": 0.9383253654466328, "f1": 0.5190156599552572, "model_type": "random_forest", "fold": "0", "prediction_type": "validation"}
{"bedroc": 0.47403025750950917, "enrichment_0.1pct": 69.35687263556116, "enrichment_1": 27.175283732660784, "enrichment_5": 11.10970996216898, "enrichment_10": 6.866330390920555, "auc": 0.8832040699778094, "f1": 0.025179856115107913, "model_type": "random_forest", "prediction_type": "screening"}
