{"bedroc": 0.5029674906450269, "enrichment_0.1pct": 6.235665792834577, "enrichment_1": 6.394519109664128, "enrichment_5": 5.9514687100894, "enrichment_10": 5.660280970625799, "auc": 0.9103885359127931, "f1": 0.24140427072023163, "model_type": "random_forest", "fold": "0", "prediction_type": "validation"}
{"bedroc": 0.6169483672444145, "enrichment_0.1pct": 340.47919293820934, "enrichment_1": 53.78310214375789, "enrichment_5": 12.812105926860026, "enrichment_10": 7.112232030264817, "auc": 0.8572231792283344, "f1": 0.0149812734082397, "model_type": "random_forest", "prediction_type": "screening"}
