{"bedroc": 0.18541264219137119, "enrichment_0.1pct": 17.872, "enrichment_1": 1.6004776119402984, "enrichment_5": 3.3610029850746264, "enrichment_10": 3.4410268656716414, "auc": 0.720492625817242, "f1": 0.024896265560165973, "model_type": "random_forest", "fold": "0", "prediction_type": "validation"}
{"bedroc": 0.45725739812806554, "enrichment_0.1pct": 119.16771752837327, "enrichment_1": 32.471626733921816, "enrichment_5": 10.201765447667087, "enrichment_10": 6.059268600252207, "auc": 0.8128701960527556, "f1": 0.0025188916876574307, "model_type": "random_forest", "prediction_type": "screening"}
