{"bedroc": 0.33514227897834425, "enrichment_0.1pct": 7.861199664429529, "enrichment_1": 7.719947010790073, "enrichment_5": 6.108827634625189, "enrichment_10": 5.1627708986736796, "auc": 0.8613014134232233, "f1": 0.011879049676025918, "model_type": "random_forest", "fold": "0", "prediction_type": "validation"}
{"bedroc": 0.24563556168467185, "enrichment_0.1pct": 62.89308176100629, "enrichment_1": 12.893081761006291, "enrichment_5": 5.723270440251572, "enrichment_10": 3.616352201257862, "auc": 0.6377433888756499, "f1": 0.0, "model_type": "random_forest", "prediction_type": "screening"}
