{"bedroc": 0.6137633414838335, "enrichment_0.1pct": 19.301137492549177, "enrichment_1": 14.366881024264247, "enrichment_5": 9.792397556253812, "enrichment_10": 6.558402624678512, "auc": 0.8796551100640329, "f1": 0.4162482884527613, "model_type": "random_forest", "fold": "0", "prediction_type": "validation"}
{"bedroc": 0.3723721053569768, "enrichment_0.1pct": 37.735849056603776, "enrichment_1": 27.672955974842772, "enrichment_5": 8.238993710691824, "enrichment_10": 4.8427672955974845, "auc": 0.7525140478949035, "f1": 0.0, "model_type": "random_forest", "prediction_type": "screening"}
