{"bedroc": 0.5661959238605522, "enrichment_0.1pct": 9.603007518796993, "enrichment_1": 9.465886992588562, "enrichment_5": 7.418225243930572, "enrichment_10": 6.461572683191482, "auc": 0.898487986489986, "f1": 0.36393088552915764, "model_type": "random_forest", "fold": "0", "prediction_type": "validation"}
{"bedroc": 0.5755725281652397, "enrichment_0.1pct": 66.20428751576293, "enrichment_1": 40.7313997477932, "enrichment_5": 13.291298865069358, "enrichment_10": 7.465321563682219, "auc": 0.8916474649853936, "f1": 0.008583690987124463, "model_type": "random_forest", "prediction_type": "screening"}
