{"bedroc": 0.6283618017446669, "enrichment_0.1pct": 82.65325622328389, "enrichment_1": 44.42612522001509, "enrichment_5": 14.642382477238279, "enrichment_10": 7.424306608177155, "auc": 0.8504410214313881, "f1": 0.06896551724137931, "model_type": "random_forest", "fold": "0", "prediction_type": "validation"}
{"bedroc": 0.1242590526763972, "enrichment_0.1pct": 25.851197982345525, "enrichment_1": 5.485498108448928, "enrichment_5": 2.8121059268600255, "enrichment_10": 1.8726355611601513, "auc": 0.5484277468226019, "f1": 0.0, "model_type": "random_forest", "prediction_type": "screening"}
