{"bedroc": 0.3352615244249188, "enrichment_0.1pct": 11.590929752066117, "enrichment_1": 7.001001502942259, "enrichment_5": 6.204088987522525, "enrichment_10": 5.190276932723107, "auc": 0.8652007078800934, "f1": 0.01818181818181818, "model_type": "random_forest", "fold": "0", "prediction_type": "validation"}
{"bedroc": 0.22658632047407956, "enrichment_0.1pct": 34.59119496855346, "enrichment_1": 12.893081761006291, "enrichment_5": 5.09433962264151, "enrichment_10": 3.364779874213837, "auc": 0.626504270810948, "f1": 0.0, "model_type": "random_forest", "prediction_type": "screening"}
