{"bedroc": 0.606974276848819, "enrichment_0.1pct": 17.269419174247723, "enrichment_1": 15.654798682346515, "enrichment_5": 9.60478930677989, "enrichment_10": 6.256340465001868, "auc": 0.8682565923154857, "f1": 0.4279835390946502, "model_type": "random_forest", "fold": "0", "prediction_type": "validation"}
{"bedroc": 0.3097565550359621, "enrichment_0.1pct": 18.867924528301888, "enrichment_1": 14.77987421383648, "enrichment_5": 7.232704402515724, "enrichment_10": 4.748427672955976, "auc": 0.7758309532368401, "f1": 0.0, "model_type": "random_forest", "prediction_type": "screening"}
