{"bedroc": 0.4841471633818742, "enrichment_0.1pct": 40.42619047619048, "enrichment_1": 14.591701887855734, "enrichment_5": 9.20077212488769, "enrichment_10": 6.81313522462609, "auc": 0.8675943739413757, "f1": 0.24611032531824611, "model_type": "random_forest", "fold": "0", "prediction_type": "validation"}
{"bedroc": 0.1970075452503081, "enrichment_0.1pct": 9.433962264150944, "enrichment_1": 8.49056603773585, "enrichment_5": 4.591194968553459, "enrichment_10": 3.1132075471698117, "auc": 0.6555568271339217, "f1": 0.0, "model_type": "random_forest", "prediction_type": "screening"}
