{"bedroc": 0.648817106062234, "enrichment_0.1pct": 19.206611570247933, "enrichment_1": 20.665028665028665, "enrichment_5": 12.105297580117723, "enrichment_10": 7.599738391105297, "auc": 0.8867059091991064, "f1": 0.4490777866880513, "model_type": "random_forest", "fold": "0", "prediction_type": "validation"}
{"bedroc": 0.31956868436880714, "enrichment_0.1pct": 59.74842767295598, "enrichment_1": 21.38364779874214, "enrichment_5": 6.981132075471699, "enrichment_10": 4.465408805031447, "auc": 0.7380392106199206, "f1": 0.0, "model_type": "random_forest", "prediction_type": "screening"}
