{"bedroc": 0.7039327846499296, "enrichment_0.1pct": 13.645789350222849, "enrichment_1": 11.80885616846208, "enrichment_5": 9.515306662290353, "enrichment_10": 7.421729838904136, "auc": 0.9387250301720008, "f1": 0.4983984625240231, "model_type": "random_forest", "fold": "0", "prediction_type": "validation"}
{"bedroc": 0.4312078176016591, "enrichment_0.1pct": 51.70239596469105, "enrichment_1": 22.887767969735183, "enrichment_5": 10.138713745271122, "enrichment_10": 6.456494325346785, "auc": 0.8595402475413015, "f1": 0.015653220951234198, "model_type": "random_forest", "prediction_type": "screening"}
