{"bedroc": 0.48811319202201103, "enrichment_0.1pct": 6.777995257443429, "enrichment_1": 6.1593579860386685, "enrichment_5": 5.828845475323749, "enrichment_10": 5.463599332126351, "auc": 0.9070729638916146, "f1": 0.245136186770428, "model_type": "random_forest", "fold": "0", "prediction_type": "validation"}
{"bedroc": 0.6262995767805063, "enrichment_0.1pct": 313.99747793190414, "enrichment_1": 55.10718789407314, "enrichment_5": 13.114754098360656, "enrichment_10": 7.074401008827239, "auc": 0.851646168262966, "f1": 0.010012515644555695, "model_type": "random_forest", "prediction_type": "screening"}
