{"bedroc": 0.42347372154202184, "enrichment_0.1pct": 4.441799709724239, "enrichment_1": 6.241744690135367, "enrichment_5": 6.76430936186763, "enrichment_10": 5.632085906447727, "auc": 0.8624026740410575, "f1": 0.2114695340501792, "model_type": "random_forest", "fold": "0", "prediction_type": "validation"}
{"bedroc": 0.5734848091183762, "enrichment_0.1pct": 102.77427490542246, "enrichment_1": 43.50567465321564, "enrichment_5": 12.736443883984867, "enrichment_10": 7.213114754098362, "auc": 0.8767782730522842, "f1": 0.008717310087173101, "model_type": "random_forest", "prediction_type": "screening"}
