{"bedroc": 0.24591189757865173, "enrichment_0.1pct": 16.73181818181818, "enrichment_1": 4.0156363636363634, "enrichment_5": 4.13445652173913, "enrichment_10": 3.667663043478261, "auc": 0.7938175245896554, "f1": 0.09800362976406533, "model_type": "random_forest", "fold": "0", "prediction_type": "validation"}
{"bedroc": 0.11258319378027921, "enrichment_0.1pct": 6.289308176100629, "enrichment_1": 4.716981132075472, "enrichment_5": 2.3899371069182394, "enrichment_10": 1.9496855345911952, "auc": 0.5623901042040803, "f1": 0.0, "model_type": "random_forest", "prediction_type": "screening"}
