{"bedroc": 0.2193349732171476, "enrichment_0.1pct": 7.585616438356164, "enrichment_1": 5.516811955168119, "enrichment_5": 3.8385047037464926, "enrichment_10": 3.632870523188645, "auc": 0.768907545312556, "f1": 0.07971014492753623, "model_type": "random_forest", "fold": "0", "prediction_type": "validation"}
{"bedroc": 0.06537717990143374, "enrichment_0.1pct": 9.433962264150944, "enrichment_1": 1.8867924528301887, "enrichment_5": 1.3207547169811322, "enrichment_10": 1.0377358490566038, "auc": 0.5076196982212672, "f1": 0.0, "model_type": "random_forest", "prediction_type": "screening"}
