{"bedroc": 0.46637448825852407, "enrichment_0.1pct": 29.535087719298243, "enrichment_1": 13.605761562998406, "enrichment_5": 8.82180023923445, "enrichment_10": 6.360371399822668, "auc": 0.8629235130259784, "f1": 0.24813895781637718, "model_type": "random_forest", "fold": "0", "prediction_type": "validation"}
{"bedroc": 0.267161137766568, "enrichment_0.1pct": 15.723270440251573, "enrichment_1": 14.465408805031448, "enrichment_5": 7.044025157232705, "enrichment_10": 3.9937106918239, "auc": 0.7003984578416691, "f1": 0.0, "model_type": "random_forest", "prediction_type": "screening"}
