{"bedroc": 0.2551048244005569, "enrichment_0.1pct": 23.56862745098039, "enrichment_1": 6.988372093023256, "enrichment_5": 2.791021671826625, "enrichment_10": 1.6280959752321982, "auc": 0.5578132789108049, "f1": 0.0, "model_type": "random_forest", "fold": "0", "prediction_type": "validation"}
{"bedroc": 0.05362614516857546, "enrichment_0.1pct": 0.0, "enrichment_1": 0.0, "enrichment_5": 0.8176100628930818, "enrichment_10": 0.8490566037735849, "auc": 0.49870758901330625, "f1": 0.0, "model_type": "random_forest", "prediction_type": "screening"}
