{"bedroc": 0.6784368125661923, "enrichment_0.1pct": 30.71831831831832, "enrichment_1": 23.33989872225166, "enrichment_5": 13.971066136559093, "enrichment_10": 8.244210381676163, "auc": 0.9077794319794561, "f1": 0.4254545454545455, "model_type": "random_forest", "fold": "0", "prediction_type": "validation"}
{"bedroc": 0.30038890366816934, "enrichment_0.1pct": 25.157232704402517, "enrichment_1": 18.553459119496857, "enrichment_5": 6.415094339622643, "enrichment_10": 4.528301886792454, "auc": 0.7248231305479671, "f1": 0.0, "model_type": "random_forest", "prediction_type": "screening"}
