{"bedroc": 0.7182155885978474, "enrichment_0.1pct": 11.343144208037824, "enrichment_1": 11.763041621369776, "enrichment_5": 9.708501320080757, "enrichment_10": 7.113777779502744, "auc": 0.9443751843310677, "f1": 0.5244267198404786, "model_type": "random_forest", "fold": "0", "prediction_type": "validation"}
{"bedroc": 0.65272781071073, "enrichment_0.1pct": 133.66960907944514, "enrichment_1": 49.810844892812106, "enrichment_5": 14.665825977301386, "enrichment_10": 8.095838587641866, "auc": 0.9187662812287122, "f1": 0.02187120291616039, "model_type": "random_forest", "prediction_type": "screening"}
