{"bedroc": 0.5671581206400964, "enrichment_0.1pct": 19.12532260767555, "enrichment_1": 17.5172301533913, "enrichment_5": 11.817594073631145, "enrichment_10": 8.229176404149122, "auc": 0.9234805831351987, "f1": 0.12927350427350429, "model_type": "random_forest", "fold": "0", "prediction_type": "validation"}
{"bedroc": 0.4936050012101081, "enrichment_0.1pct": 192.30769230769232, "enrichment_1": 38.71374527112232, "enrichment_5": 10.567465321563683, "enrichment_10": 5.952080706179068, "auc": 0.790187052238621, "f1": 0.0, "model_type": "random_forest", "prediction_type": "screening"}
