{"bedroc": 0.5321645325375124, "enrichment_0.1pct": 10.024018379281536, "enrichment_1": 8.575521482589545, "enrichment_5": 8.182274856414585, "enrichment_10": 6.332003689090714, "auc": 0.9013839531139557, "f1": 0.3235477826358526, "model_type": "random_forest", "fold": "0", "prediction_type": "validation"}
{"bedroc": 0.6164373281870777, "enrichment_0.1pct": 132.40857503152586, "enrichment_1": 48.486759142496844, "enrichment_5": 13.846153846153847, "enrichment_10": 7.6103404791929385, "auc": 0.8981695827084909, "f1": 0.0074487895716946, "model_type": "random_forest", "prediction_type": "screening"}
