{"bedroc": 0.362474640118399, "enrichment_0.1pct": 5.726403326403327, "enrichment_1": 4.5281778128493455, "enrichment_5": 6.023266289545359, "enrichment_10": 5.00973653391954, "auc": 0.8455643053206799, "f1": 0.1516164994425864, "model_type": "random_forest", "fold": "0", "prediction_type": "validation"}
{"bedroc": 0.5734968159083175, "enrichment_0.1pct": 158.89029003783102, "enrichment_1": 43.442622950819676, "enrichment_5": 12.585119798234551, "enrichment_10": 7.194199243379572, "auc": 0.8743046983234198, "f1": 0.007518796992481203, "model_type": "random_forest", "prediction_type": "screening"}
