{"bedroc": 0.5492890700906672, "enrichment_0.1pct": 17.03629764065336, "enrichment_1": 16.398575269078098, "enrichment_5": 10.425197063683397, "enrichment_10": 6.770952605182421, "auc": 0.8587279213669967, "f1": 0.3547008547008547, "model_type": "random_forest", "fold": "0", "prediction_type": "validation"}
{"bedroc": 0.2679864664730843, "enrichment_0.1pct": 47.16981132075472, "enrichment_1": 16.666666666666668, "enrichment_5": 5.911949685534592, "enrichment_10": 4.056603773584905, "auc": 0.698626913358448, "f1": 0.0, "model_type": "random_forest", "prediction_type": "screening"}
