{"bedroc": 0.09894027106926509, "enrichment_0.1pct": 0.0, "enrichment_1": 0.0, "enrichment_5": 0.0, "enrichment_10": 0.0, "auc": 0.4963245257452574, "f1": 0.0, "model_type": "random_forest", "fold": "0", "prediction_type": "validation"}
{"bedroc": 0.04908177112860809, "enrichment_0.1pct": 0.0, "enrichment_1": 1.257861635220126, "enrichment_5": 1.1949685534591197, "enrichment_10": 1.0377358490566038, "auc": 0.4999269767786156, "f1": 0.0, "model_type": "random_forest", "prediction_type": "screening"}
