{"bedroc": 0.2648846757088256, "enrichment_0.1pct": 11.024221453287197, "enrichment_1": 4.853430828491218, "enrichment_5": 4.1522491349480966, "enrichment_10": 3.8408304498269894, "auc": 0.831522789441125, "f1": 0.10909090909090909, "model_type": "random_forest", "fold": "0", "prediction_type": "validation"}
{"bedroc": 0.11435343149685931, "enrichment_0.1pct": 12.578616352201259, "enrichment_1": 5.031446540880504, "enrichment_5": 2.264150943396227, "enrichment_10": 2.1383647798742142, "auc": 0.5596381205827227, "f1": 0.0, "model_type": "random_forest", "prediction_type": "screening"}
