{"bedroc": 0.45151045170241494, "enrichment_0.1pct": 31.629497430039972, "enrichment_1": 11.191976013706453, "enrichment_5": 8.884016477505812, "enrichment_10": 6.456689571083459, "auc": 0.8770660771012392, "f1": 0.19553072625698323, "model_type": "random_forest", "fold": "0", "prediction_type": "validation"}
{"bedroc": 0.22511549487463833, "enrichment_0.1pct": 15.723270440251573, "enrichment_1": 10.377358490566039, "enrichment_5": 5.157232704402516, "enrichment_10": 3.5220125786163523, "auc": 0.6626115186390279, "f1": 0.0, "model_type": "random_forest", "prediction_type": "screening"}
