{"bedroc": 0.6034603152240922, "enrichment_0.1pct": 20.814346504559268, "enrichment_1": 17.296600223964166, "enrichment_5": 10.472856673927962, "enrichment_10": 6.383649909389891, "auc": 0.8563443420804991, "f1": 0.4293785310734463, "model_type": "random_forest", "fold": "0", "prediction_type": "validation"}
{"bedroc": 0.37292903324340476, "enrichment_0.1pct": 37.735849056603776, "enrichment_1": 25.157232704402517, "enrichment_5": 8.427672955974844, "enrichment_10": 5.000000000000001, "auc": 0.7621332168535255, "f1": 0.0, "model_type": "random_forest", "prediction_type": "screening"}
