{"bedroc": 0.49228113845367905, "enrichment_0.1pct": 15.0495765973826, "enrichment_1": 13.630095809671094, "enrichment_5": 10.278047554272005, "enrichment_10": 7.108020527701595, "auc": 0.8966741245438788, "f1": 0.04709576138147567, "model_type": "random_forest", "fold": "0", "prediction_type": "validation"}
{"bedroc": 0.10397980484355138, "enrichment_0.1pct": 6.289308176100629, "enrichment_1": 3.1446540880503147, "enrichment_5": 1.9496855345911952, "enrichment_10": 1.3836477987421385, "auc": 0.5288389931268584, "f1": 0.0, "model_type": "random_forest", "prediction_type": "screening"}
