{"bedroc": 0.5225913211048591, "enrichment_0.1pct": 7.448887534288326, "enrichment_1": 8.005413614436305, "enrichment_5": 7.7588510719209, "enrichment_10": 6.137175943109105, "auc": 0.8907734822598867, "f1": 0.3098404255319149, "model_type": "random_forest", "fold": "0", "prediction_type": "validation"}
{"bedroc": 0.6474937497277838, "enrichment_0.1pct": 204.91803278688525, "enrichment_1": 54.539722572509454, "enrichment_5": 14.010088272383355, "enrichment_10": 7.572509457755359, "auc": 0.8920668836512413, "f1": 0.009962640099626401, "model_type": "random_forest", "prediction_type": "screening"}
