{"bedroc": 0.2828912392458766, "enrichment_0.1pct": 16.73152934022499, "enrichment_1": 6.0233505624809975, "enrichment_5": 4.617902097902098, "enrichment_10": 4.249808452417148, "auc": 0.8162748216167149, "f1": 0.1161524500907441, "model_type": "random_forest", "fold": "0", "prediction_type": "validation"}
{"bedroc": 0.10038879189069762, "enrichment_0.1pct": 6.289308176100629, "enrichment_1": 3.1446540880503147, "enrichment_5": 2.264150943396227, "enrichment_10": 1.7295597484276732, "auc": 0.5508783868741959, "f1": 0.0, "model_type": "random_forest", "prediction_type": "screening"}
