{"bedroc": 0.37115195336166157, "enrichment_0.1pct": 8.898447893569845, "enrichment_1": 9.375546720781196, "enrichment_5": 6.740912433703546, "enrichment_10": 5.493621892927807, "auc": 0.8704698695452877, "f1": 0.01703940362087327, "model_type": "random_forest", "fold": "0", "prediction_type": "validation"}
{"bedroc": 0.2072609023599683, "enrichment_0.1pct": 37.735849056603776, "enrichment_1": 9.119496855345911, "enrichment_5": 4.779874213836479, "enrichment_10": 3.018867924528302, "auc": 0.6122227827568664, "f1": 0.0, "model_type": "random_forest", "prediction_type": "screening"}
