{"bedroc": 0.604216788210449, "enrichment_0.1pct": 15.588029556650245, "enrichment_1": 14.72394809563859, "enrichment_5": 9.643725960385591, "enrichment_10": 6.298084264543666, "auc": 0.867700181647654, "f1": 0.43177737881508077, "model_type": "random_forest", "fold": "0", "prediction_type": "validation"}
{"bedroc": 0.35953810638862976, "enrichment_0.1pct": 44.02515723270441, "enrichment_1": 25.471698113207548, "enrichment_5": 8.238993710691824, "enrichment_10": 5.000000000000001, "auc": 0.7606303647327145, "f1": 0.0, "model_type": "random_forest", "prediction_type": "screening"}
