{"bedroc": 0.33226005458896657, "enrichment_0.1pct": 5.324242424242424, "enrichment_1": 2.6184798807749625, "enrichment_5": 5.931240746224459, "enrichment_10": 5.302581551889932, "auc": 0.8503710575139146, "f1": 0.08931419457735247, "model_type": "random_forest", "fold": "0", "prediction_type": "validation"}
{"bedroc": 0.43580247316225534, "enrichment_0.1pct": 64.94325346784363, "enrichment_1": 26.481715006305173, "enrichment_5": 10.075662042875159, "enrichment_10": 6.248423707440101, "auc": 0.8327594459516449, "f1": 0.003771213073538655, "model_type": "random_forest", "prediction_type": "screening"}
