{"bedroc": 0.16228200488886624, "enrichment_0.1pct": 0.0, "enrichment_1": 0.0, "enrichment_5": 0.0, "enrichment_10": 0.0, "auc": 0.4996402171779944, "f1": 0.0, "model_type": "random_forest", "fold": "0", "prediction_type": "validation"}
{"bedroc": 0.049494462469221394, "enrichment_0.1pct": 1.2610340479192939, "enrichment_1": 1.3871374527112232, "enrichment_5": 1.1223203026481714, "enrichment_10": 1.0403530895334174, "auc": 0.4998617807843239, "f1": 0.0, "model_type": "random_forest", "prediction_type": "screening"}
