{"bedroc": 0.5542268478514596, "enrichment_0.1pct": 27.653333333333332, "enrichment_1": 13.380645161290323, "enrichment_5": 10.734305555555554, "enrichment_10": 7.068938906752412, "auc": 0.8708277256500173, "f1": 0.3242320819112628, "model_type": "random_forest", "fold": "0", "prediction_type": "validation"}
{"bedroc": 0.35205378394040077, "enrichment_0.1pct": 28.30188679245283, "enrichment_1": 22.955974842767297, "enrichment_5": 7.924528301886793, "enrichment_10": 5.031446540880504, "auc": 0.7456061168961162, "f1": 0.0, "model_type": "random_forest", "prediction_type": "screening"}
