{"bedroc": 0.2973927474053939, "enrichment_0.1pct": 20.98863636363636, "enrichment_1": 7.695833333333334, "enrichment_5": 5.000902527075811, "enrichment_10": 4.306332731648616, "auc": 0.8201728905461881, "f1": 0.1272365805168986, "model_type": "random_forest", "fold": "0", "prediction_type": "validation"}
{"bedroc": 0.22234811391235942, "enrichment_0.1pct": 9.433962264150944, "enrichment_1": 12.578616352201259, "enrichment_5": 4.779874213836479, "enrichment_10": 3.5220125786163523, "auc": 0.6494442276669139, "f1": 0.0, "model_type": "random_forest", "prediction_type": "screening"}
