{"bedroc": 0.3647752758482907, "enrichment_0.1pct": 1.9275443250034903, "enrichment_1": 4.176346037507562, "enrichment_5": 5.883200505010652, "enrichment_10": 5.356617743759699, "auc": 0.8545099462545194, "f1": 0.12841854934601665, "model_type": "random_forest", "fold": "0", "prediction_type": "validation"}
{"bedroc": 0.6009189234224199, "enrichment_0.1pct": 165.82597730138716, "enrichment_1": 48.17150063051702, "enrichment_5": 13.152585119798236, "enrichment_10": 7.2194199243379575, "auc": 0.8767558140401093, "f1": 0.005018820577164366, "model_type": "random_forest", "prediction_type": "screening"}
