{"bedroc": 0.4129138717623777, "enrichment_0.1pct": 10.115864527629235, "enrichment_1": 8.295008912655971, "enrichment_5": 7.7194388063953285, "enrichment_10": 5.9613467222162875, "auc": 0.8465633344943689, "f1": 0.17556346381969157, "model_type": "random_forest", "fold": "0", "prediction_type": "validation"}
{"bedroc": 0.2633020322521487, "enrichment_0.1pct": 18.867924528301888, "enrichment_1": 14.150943396226415, "enrichment_5": 6.289308176100629, "enrichment_10": 3.9308176100628933, "auc": 0.6815324584538638, "f1": 0.0, "model_type": "random_forest", "prediction_type": "screening"}
