{"bedroc": 0.4544606818766374, "enrichment_0.1pct": 5.361385281385282, "enrichment_1": 6.005447798954292, "enrichment_5": 6.8575858250276855, "enrichment_10": 5.8445333736031415, "auc": 0.8690155877702611, "f1": 0.23587223587223588, "model_type": "random_forest", "fold": "0", "prediction_type": "validation"}
{"bedroc": 0.45325129888643284, "enrichment_0.1pct": 59.89911727616646, "enrichment_1": 27.55359394703657, "enrichment_5": 10.30264817150063, "enrichment_10": 6.48171500630517, "auc": 0.8480680283267218, "f1": 0.008679479231246125, "model_type": "random_forest", "prediction_type": "screening"}
