{"bedroc": 0.502069842175544, "enrichment_0.1pct": 20.0760551741673, "enrichment_1": 13.735913581311806, "enrichment_5": 10.642973164504564, "enrichment_10": 7.2318425503499695, "auc": 0.8997637757677563, "f1": 0.06494845360824743, "model_type": "random_forest", "fold": "0", "prediction_type": "validation"}
{"bedroc": 0.11289271408828425, "enrichment_0.1pct": 9.433962264150944, "enrichment_1": 4.40251572327044, "enrichment_5": 2.515723270440252, "enrichment_10": 1.6352201257861636, "auc": 0.5361717211607884, "f1": 0.0, "model_type": "random_forest", "prediction_type": "screening"}
