{"bedroc": 0.6028671156457976, "enrichment_0.1pct": 19.723965848965847, "enrichment_1": 17.44013822434875, "enrichment_5": 10.473583426598855, "enrichment_10": 6.331298019937571, "auc": 0.864787466687752, "f1": 0.42777155655095184, "model_type": "random_forest", "fold": "0", "prediction_type": "validation"}
{"bedroc": 0.2921701251301817, "enrichment_0.1pct": 34.59119496855346, "enrichment_1": 16.9811320754717, "enrichment_5": 6.540880503144654, "enrichment_10": 4.40251572327044, "auc": 0.7231294457297798, "f1": 0.0, "model_type": "random_forest", "prediction_type": "screening"}
