{"bedroc": 0.38812759589796575, "enrichment_0.1pct": 9.005596465390282, "enrichment_1": 6.220971242539339, "enrichment_5": 5.8642463894393515, "enrichment_10": 5.068594869264163, "auc": 0.8476511649758761, "f1": 0.20018198362147407, "model_type": "random_forest", "fold": "0", "prediction_type": "validation"}
{"bedroc": 0.6065640710687611, "enrichment_0.1pct": 125.47288776796975, "enrichment_1": 45.7124842370744, "enrichment_5": 13.593947036569988, "enrichment_10": 7.629255989911727, "auc": 0.8937412908373311, "f1": 0.002506265664160401, "model_type": "random_forest", "prediction_type": "screening"}
