{"bedroc": 0.5322442948828795, "enrichment_0.1pct": 12.63157894736842, "enrichment_1": 8.205128205128204, "enrichment_5": 8.682328907048008, "enrichment_10": 6.384065372829418, "auc": 0.8943073617523281, "f1": 0.32936756418284285, "model_type": "random_forest", "fold": "0", "prediction_type": "validation"}
{"bedroc": 0.558666334893424, "enrichment_0.1pct": 92.05548549810844, "enrichment_1": 38.52459016393443, "enrichment_5": 12.862547288776799, "enrichment_10": 7.370744010088273, "auc": 0.8867108041045407, "f1": 0.006199628022318661, "model_type": "random_forest", "prediction_type": "screening"}
