{"bedroc": 0.5403355577428022, "enrichment_0.1pct": 12.645379950053513, "enrichment_1": 10.177988740286974, "enrichment_5": 9.149571475405574, "enrichment_10": 7.6641025384087325, "auc": 0.9280314026599528, "f1": 0.17538126361655773, "model_type": "random_forest", "fold": "0", "prediction_type": "validation"}
{"bedroc": 0.6154304335528392, "enrichment_0.1pct": 309.58385876418663, "enrichment_1": 53.40479192938209, "enrichment_5": 13.013871374527112, "enrichment_10": 6.847414880201765, "auc": 0.8430935034844204, "f1": 0.0012594458438287153, "model_type": "random_forest", "prediction_type": "screening"}
