{"bedroc": 0.7411897517019568, "enrichment_0.1pct": 13.781345824632691, "enrichment_1": 13.203752218057641, "enrichment_5": 10.486616431035861, "enrichment_10": 7.747656260182583, "auc": 0.9500324909324283, "f1": 0.547808764940239, "model_type": "random_forest", "fold": "0", "prediction_type": "validation"}
{"bedroc": 0.45973277586160255, "enrichment_0.1pct": 76.92307692307692, "enrichment_1": 25.91424968474149, "enrichment_5": 10.706179066834803, "enrichment_10": 6.69609079445145, "auc": 0.876615884040512, "f1": 0.01683704149128082, "model_type": "random_forest", "prediction_type": "screening"}
