{"bedroc": 0.20211888463881164, "enrichment_0.1pct": 0.0, "enrichment_1": 2.5023454157782514, "enrichment_5": 3.0002556455049, "enrichment_10": 2.0001704303366, "auc": 0.5593864595770083, "f1": 0.0, "model_type": "random_forest", "fold": "0", "prediction_type": "validation"}
{"bedroc": 0.05456759595663491, "enrichment_0.1pct": 0.0, "enrichment_1": 1.5723270440251573, "enrichment_5": 1.1320754716981134, "enrichment_10": 0.9119496855345912, "auc": 0.5037780819331995, "f1": 0.0, "model_type": "random_forest", "prediction_type": "screening"}
