{"bedroc": 0.6844485086401018, "enrichment_0.1pct": 28.50052103069344, "enrichment_1": 20.861450842723137, "enrichment_5": 13.103949172202888, "enrichment_10": 8.214599716033202, "auc": 0.9194222787813163, "f1": 0.47280638143582304, "model_type": "random_forest", "fold": "0", "prediction_type": "validation"}
{"bedroc": 0.3434131956279454, "enrichment_0.1pct": 44.02515723270441, "enrichment_1": 26.41509433962264, "enrichment_5": 7.610062893081761, "enrichment_10": 4.371069182389937, "auc": 0.7469109972568762, "f1": 0.0, "model_type": "random_forest", "prediction_type": "screening"}
