{"bedroc": 0.7416146057203624, "enrichment_0.1pct": 17.135451626143855, "enrichment_1": 16.08357161965818, "enrichment_5": 13.896785745264687, "enrichment_10": 9.579617253431286, "auc": 0.9668386296402328, "f1": 0.5077301475755446, "model_type": "random_forest", "fold": "0", "prediction_type": "validation"}
{"bedroc": 0.08887330031843553, "enrichment_0.1pct": 3.1446540880503147, "enrichment_1": 1.8867924528301887, "enrichment_5": 1.9496855345911952, "enrichment_10": 1.4465408805031448, "auc": 0.5276281521045705, "f1": 0.0, "model_type": "random_forest", "prediction_type": "screening"}
{"bedroc": 0.7416146057203624, "enrichment_0.1pct": 17.135451626143855, "enrichment_1": 16.08357161965818, "enrichment_5": 13.896785745264687, "enrichment_10": 9.579617253431286, "auc": 0.9668386296402328, "f1": 0.5077301475755446, "model_type": "random_forest", "fold": "0", "prediction_type": "validation"}
{"bedroc": 0.09085431039890679, "enrichment_0.1pct": 0.0, "enrichment_1": 1.5723270440251573, "enrichment_5": 1.9496855345911952, "enrichment_10": 1.3207547169811322, "auc": 0.5276281521045705, "f1": 0.0, "model_type": "random_forest", "prediction_type": "screening"}
