{"bedroc": 0.738566930182919, "enrichment_0.1pct": 27.530272671835526, "enrichment_1": 23.474006261061277, "enrichment_5": 13.869734636342669, "enrichment_10": 8.393439569812369, "auc": 0.9208174862139183, "f1": 0.5435356200527705, "model_type": "random_forest", "fold": "0", "prediction_type": "validation"}
{"bedroc": 0.3190151947793906, "enrichment_0.1pct": 53.45911949685535, "enrichment_1": 20.440251572327046, "enrichment_5": 7.044025157232705, "enrichment_10": 4.528301886792454, "auc": 0.7357865147028705, "f1": 0.0, "model_type": "random_forest", "prediction_type": "screening"}
{"bedroc": 0.7385695665935416, "enrichment_0.1pct": 27.530272671835526, "enrichment_1": 23.474006261061277, "enrichment_5": 13.869734636342669, "enrichment_10": 8.393439569812369, "auc": 0.9208175529573666, "f1": 0.5435356200527705, "model_type": "random_forest", "fold": "0", "prediction_type": "validation"}
{"bedroc": 0.3186877686636344, "enrichment_0.1pct": 53.45911949685535, "enrichment_1": 21.069182389937108, "enrichment_5": 7.1069182389937104, "enrichment_10": 4.528301886792454, "auc": 0.7357865115572161, "f1": 0.0, "model_type": "random_forest", "prediction_type": "screening"}
