{"bedroc": 0.4813782431350232, "enrichment_0.1pct": 11.087944088526498, "enrichment_1": 12.941008405208217, "enrichment_5": 10.07571345369831, "enrichment_10": 7.047175305765871, "auc": 0.8971408544093118, "f1": 0.03741314804917156, "model_type": "random_forest", "fold": "0", "prediction_type": "validation"}
{"bedroc": 0.14004765388717078, "enrichment_0.1pct": 25.157232704402517, "enrichment_1": 5.9748427672955975, "enrichment_5": 2.8930817610062896, "enrichment_10": 1.8867924528301887, "auc": 0.5523432394897804, "f1": 0.0, "model_type": "random_forest", "prediction_type": "screening"}
