{"bedroc": 0.5926718631916781, "enrichment_0.1pct": 21.27280586692106, "enrichment_1": 16.301687022230034, "enrichment_5": 10.201406104310736, "enrichment_10": 6.2694402490485786, "auc": 0.8579522584572141, "f1": 0.42350332594235035, "model_type": "random_forest", "fold": "0", "prediction_type": "validation"}
{"bedroc": 0.2923353587943987, "enrichment_0.1pct": 9.433962264150944, "enrichment_1": 16.666666666666668, "enrichment_5": 6.855345911949686, "enrichment_10": 4.559748427672956, "auc": 0.7281711747857833, "f1": 0.0, "model_type": "random_forest", "prediction_type": "screening"}
