{"bedroc": 0.21839973940849083, "enrichment_0.1pct": 9.681993569131832, "enrichment_1": 2.90459807073955, "enrichment_5": 3.3497249873243864, "enrichment_10": 3.6037995338742617, "auc": 0.7633678878439664, "f1": 0.06237816764132553, "model_type": "random_forest", "fold": "0", "prediction_type": "validation"}
{"bedroc": 0.5789320209469232, "enrichment_0.1pct": 189.78562421185373, "enrichment_1": 46.7843631778058, "enrichment_5": 12.812105926860026, "enrichment_10": 6.91046658259773, "auc": 0.8605673336246724, "f1": 0.003775959723096287, "model_type": "random_forest", "prediction_type": "screening"}
