{"bedroc": 0.731668029699061, "enrichment_0.1pct": 41.227404651923315, "enrichment_1": 29.149842751137776, "enrichment_5": 15.45879456793959, "enrichment_10": 8.958395551003346, "auc": 0.9426882296665063, "f1": 0.4174454828660436, "model_type": "random_forest", "fold": "0", "prediction_type": "validation"}
{"bedroc": 0.2416474751890234, "enrichment_0.1pct": 60.529634300126105, "enrichment_1": 15.195460277427491, "enrichment_5": 5.334174022698614, "enrichment_10": 3.4174022698612867, "auc": 0.6569903463993515, "f1": 0.0025173064820641915, "model_type": "random_forest", "prediction_type": "screening"}
