{"bedroc": 0.6922605813452606, "enrichment_0.1pct": 13.49336352279825, "enrichment_1": 11.78514444732205, "enrichment_5": 9.335070665922938, "enrichment_10": 7.266858891879771, "auc": 0.9358669872606474, "f1": 0.5050732807215332, "model_type": "random_forest", "fold": "0", "prediction_type": "validation"}
{"bedroc": 0.5663411809373899, "enrichment_0.1pct": 79.44514501891551, "enrichment_1": 37.957124842370746, "enrichment_5": 13.139974779319042, "enrichment_10": 7.547288776796973, "auc": 0.9012225290319273, "f1": 0.012195121951219513, "model_type": "random_forest", "prediction_type": "screening"}
