{"bedroc": 0.28006500419980257, "enrichment_0.1pct": 0.0, "enrichment_1": 0.0, "enrichment_5": 0.0, "enrichment_10": 0.0, "auc": 0.49453978159126366, "f1": 0.0, "model_type": "random_forest", "fold": "0", "prediction_type": "validation"}
{"bedroc": 0.05115364708975505, "enrichment_0.1pct": 3.1446540880503147, "enrichment_1": 0.3144654088050315, "enrichment_5": 0.7547169811320755, "enrichment_10": 0.9748427672955976, "auc": 0.501093666968486, "f1": 0.0, "model_type": "random_forest", "prediction_type": "screening"}
