{"bedroc": 0.534688541383447, "enrichment_0.1pct": 22.63532248342375, "enrichment_1": 16.522574967846747, "enrichment_5": 10.388599497989258, "enrichment_10": 6.4939377503056415, "auc": 0.8534857336559455, "f1": 0.3154435925520263, "model_type": "random_forest", "fold": "0", "prediction_type": "validation"}
{"bedroc": 0.22408412472947764, "enrichment_0.1pct": 12.578616352201259, "enrichment_1": 12.578616352201259, "enrichment_5": 4.968553459119497, "enrichment_10": 3.4905660377358494, "auc": 0.6689035918453513, "f1": 0.0, "model_type": "random_forest", "prediction_type": "screening"}
