{"bedroc": 0.1635083267977097, "enrichment_0.1pct": 0.0, "enrichment_1": 0.0, "enrichment_5": 0.0, "enrichment_10": 1.6669494401085851, "auc": 0.4963860327802097, "f1": 0.0, "model_type": "random_forest", "fold": "0", "prediction_type": "validation"}
{"bedroc": 0.0541661080817589, "enrichment_0.1pct": 0.0, "enrichment_1": 0.628930817610063, "enrichment_5": 0.6918238993710693, "enrichment_10": 0.7232704402515724, "auc": 0.49992397582431214, "f1": 0.0, "model_type": "random_forest", "prediction_type": "screening"}
{"bedroc": 0.1635083267977097, "enrichment_0.1pct": 0.0, "enrichment_1": 0.0, "enrichment_5": 0.0, "enrichment_10": 1.6669494401085851, "auc": 0.4963860327802097, "f1": 0.0, "model_type": "random_forest", "fold": "0", "prediction_type": "validation"}
{"bedroc": 0.05771674976602958, "enrichment_0.1pct": 0.0, "enrichment_1": 1.5723270440251573, "enrichment_5": 0.9433962264150944, "enrichment_10": 0.9433962264150944, "auc": 0.49992397582431214, "f1": 0.0, "model_type": "random_forest", "prediction_type": "screening"}
