{"bedroc": 0.5432212943010923, "enrichment_0.1pct": 21.159300184162063, "enrichment_1": 19.706388856236043, "enrichment_5": 10.166286587516163, "enrichment_10": 6.464432232279299, "auc": 0.8599545757786844, "f1": 0.35434782608695653, "model_type": "random_forest", "fold": "0", "prediction_type": "validation"}
{"bedroc": 0.21856306950184584, "enrichment_0.1pct": 15.723270440251573, "enrichment_1": 11.949685534591195, "enrichment_5": 4.905660377358491, "enrichment_10": 3.4905660377358494, "auc": 0.7021561771737751, "f1": 0.0, "model_type": "random_forest", "prediction_type": "screening"}
{"bedroc": 0.5432218166286972, "enrichment_0.1pct": 21.159300184162063, "enrichment_1": 19.706388856236043, "enrichment_5": 10.166286587516163, "enrichment_10": 6.464432232279299, "auc": 0.8599538697131578, "f1": 0.35434782608695653, "model_type": "random_forest", "fold": "0", "prediction_type": "validation"}
{"bedroc": 0.2194395943697179, "enrichment_0.1pct": 15.723270440251573, "enrichment_1": 12.264150943396226, "enrichment_5": 4.8427672955974845, "enrichment_10": 3.4905660377358494, "auc": 0.7021562558151353, "f1": 0.0, "model_type": "random_forest", "prediction_type": "screening"}
