{"bedroc": 0.31890394651288323, "enrichment_0.1pct": 18.0358361774744, "enrichment_1": 8.244953681131156, "enrichment_5": 5.328769779708346, "enrichment_10": 4.5772766056469125, "auc": 0.839051894669577, "f1": 0.15204678362573099, "model_type": "random_forest", "fold": "0", "prediction_type": "validation"}
{"bedroc": 0.0647910376398481, "enrichment_0.1pct": 6.289308176100629, "enrichment_1": 1.8867924528301887, "enrichment_5": 1.5723270440251573, "enrichment_10": 1.1949685534591197, "auc": 0.514625075302248, "f1": 0.0, "model_type": "random_forest", "prediction_type": "screening"}
