{"bedroc": 0.169149351445767, "enrichment_0.1pct": 17.6, "enrichment_1": 1.5172413793103448, "enrichment_5": 2.993197278911565, "enrichment_10": 3.5857385398981325, "auc": 0.6699377533331797, "f1": 0.014285714285714285, "model_type": "random_forest", "fold": "0", "prediction_type": "validation"}
{"bedroc": 0.32428434994243444, "enrichment_0.1pct": 81.33669609079446, "enrichment_1": 21.37452711223203, "enrichment_5": 7.175283732660782, "enrichment_10": 4.401008827238336, "auc": 0.7289413490881027, "f1": 0.001260239445494644, "model_type": "random_forest", "prediction_type": "screening"}
