{"bedroc": 0.6520575443266052, "enrichment_0.1pct": 21.562869198312235, "enrichment_1": 16.383552577149, "enrichment_5": 12.115394400774495, "enrichment_10": 7.890912994294301, "auc": 0.898753041425119, "f1": 0.424857324032974, "model_type": "random_forest", "fold": "0", "prediction_type": "validation"}
{"bedroc": 0.3580673444734767, "enrichment_0.1pct": 62.89308176100629, "enrichment_1": 24.84276729559749, "enrichment_5": 8.050314465408807, "enrichment_10": 4.905660377358491, "auc": 0.7502228507407493, "f1": 0.0, "model_type": "random_forest", "prediction_type": "screening"}
