{"bedroc": 0.6835753821886371, "enrichment_0.1pct": 29.53169907016061, "enrichment_1": 21.491261918742836, "enrichment_5": 13.236663590862063, "enrichment_10": 8.156910773704666, "auc": 0.9115867979477481, "f1": 0.45043731778425655, "model_type": "random_forest", "fold": "0", "prediction_type": "validation"}
{"bedroc": 0.2599722260134436, "enrichment_0.1pct": 18.867924528301888, "enrichment_1": 16.9811320754717, "enrichment_5": 5.911949685534592, "enrichment_10": 3.616352201257862, "auc": 0.678581386365141, "f1": 0.0, "model_type": "random_forest", "prediction_type": "screening"}
