{"bedroc": 0.33203793642050144, "enrichment_0.1pct": 5.225614927905004, "enrichment_1": 3.058896543163905, "enrichment_5": 5.598873137041076, "enrichment_10": 5.242581210138461, "auc": 0.8334390265389133, "f1": 0.10670731707317073, "model_type": "random_forest", "fold": "0", "prediction_type": "validation"}
{"bedroc": 0.4374322056545897, "enrichment_0.1pct": 61.16015132408575, "enrichment_1": 25.91424968474149, "enrichment_5": 10.12610340479193, "enrichment_10": 6.185372005044136, "auc": 0.8327448679759946, "f1": 0.00502828409805154, "model_type": "random_forest", "prediction_type": "screening"}
