{"bedroc": 0.21627933851810202, "enrichment_0.1pct": 0.0, "enrichment_1": 2.0972658522396745, "enrichment_5": 3.67021524141943, "enrichment_10": 4.346996647122743, "auc": 0.764363781170586, "f1": 0.028985507246376812, "model_type": "random_forest", "fold": "0", "prediction_type": "validation"}
{"bedroc": 0.5096026194259315, "enrichment_0.1pct": 163.9344262295082, "enrichment_1": 38.08322824716267, "enrichment_5": 11.19798234552333, "enrichment_10": 6.456494325346785, "auc": 0.8438203690927707, "f1": 0.0025188916876574307, "model_type": "random_forest", "prediction_type": "screening"}
