{"bedroc": 0.2629893581997676, "enrichment_0.1pct": 27.817966903073284, "enrichment_1": 2.7817966903073286, "enrichment_5": 3.3338999858336873, "enrichment_10": 1.9447749917363175, "auc": 0.5554669633913553, "f1": 0.0, "model_type": "random_forest", "fold": "0", "prediction_type": "validation"}
{"bedroc": 0.0382125903680631, "enrichment_0.1pct": 3.1446540880503147, "enrichment_1": 0.628930817610063, "enrichment_5": 1.1949685534591197, "enrichment_10": 1.2264150943396228, "auc": 0.5015124841146025, "f1": 0.0, "model_type": "random_forest", "prediction_type": "screening"}
