{"bedroc": 0.6672116316000536, "enrichment_0.1pct": 29.664335664335667, "enrichment_1": 22.286137234413097, "enrichment_5": 12.761111497530779, "enrichment_10": 8.049452459586304, "auc": 0.9062948267229191, "f1": 0.44233576642335765, "model_type": "random_forest", "fold": "0", "prediction_type": "validation"}
{"bedroc": 0.37200235680646765, "enrichment_0.1pct": 72.32704402515724, "enrichment_1": 30.18867924528302, "enrichment_5": 7.861635220125787, "enrichment_10": 4.716981132075472, "auc": 0.7263708318364738, "f1": 0.0, "model_type": "random_forest", "prediction_type": "screening"}
