{"bedroc": 0.24244185773399549, "enrichment_0.1pct": 16.02836879432624, "enrichment_1": 3.7399527186761232, "enrichment_5": 4.361702127659575, "enrichment_10": 4.042553191489362, "auc": 0.7671580409764354, "f1": 0.0830860534124629, "model_type": "random_forest", "fold": "0", "prediction_type": "validation"}
{"bedroc": 0.5137283475859734, "enrichment_0.1pct": 158.89029003783102, "enrichment_1": 40.03783102143758, "enrichment_5": 11.034047919293823, "enrichment_10": 6.3682219419924335, "auc": 0.8250103952384246, "f1": 0.001260239445494644, "model_type": "random_forest", "prediction_type": "screening"}
