{"bedroc": 0.4692127923098892, "enrichment_0.1pct": 28.99962049335863, "enrichment_1": 10.773460410557187, "enrichment_5": 8.996389733074585, "enrichment_10": 6.775730517995352, "auc": 0.8745195923886324, "f1": 0.220873786407767, "model_type": "random_forest", "fold": "0", "prediction_type": "validation"}
{"bedroc": 0.26542662346827717, "enrichment_0.1pct": 28.30188679245283, "enrichment_1": 16.352201257861637, "enrichment_5": 6.163522012578617, "enrichment_10": 3.647798742138365, "auc": 0.6862370740184687, "f1": 0.0, "model_type": "random_forest", "prediction_type": "screening"}
