{"bedroc": 0.4441182016040345, "enrichment_0.1pct": 27.133545310015897, "enrichment_1": 10.85341812400636, "enrichment_5": 8.319420511683115, "enrichment_10": 6.197968281203921, "auc": 0.8574729758559494, "f1": 0.2219679633867277, "model_type": "random_forest", "fold": "0", "prediction_type": "validation"}
{"bedroc": 0.32516655571036923, "enrichment_0.1pct": 72.32704402515724, "enrichment_1": 23.89937106918239, "enrichment_5": 7.169811320754717, "enrichment_10": 4.339622641509434, "auc": 0.7049543248463704, "f1": 0.0, "model_type": "random_forest", "prediction_type": "screening"}
