{"bedroc": 0.6195399887574049, "enrichment_0.1pct": 22.211771045383788, "enrichment_1": 17.541603799944117, "enrichment_5": 10.78597275599012, "enrichment_10": 6.58166474665717, "auc": 0.8728798574873813, "f1": 0.43410852713178294, "model_type": "random_forest", "fold": "0", "prediction_type": "validation"}
{"bedroc": 0.3888415535418906, "enrichment_0.1pct": 81.76100628930818, "enrichment_1": 29.87421383647799, "enrichment_5": 8.616352201257861, "enrichment_10": 4.8742138364779874, "auc": 0.7537603294325584, "f1": 0.0, "model_type": "random_forest", "prediction_type": "screening"}
