{"bedroc": 0.49077192091341615, "enrichment_0.1pct": 14.59612147112147, "enrichment_1": 12.48041285388677, "enrichment_5": 10.210809376958444, "enrichment_10": 7.2384847295561565, "auc": 0.9036178676482001, "f1": 0.0431266846361186, "model_type": "random_forest", "fold": "0", "prediction_type": "validation"}
{"bedroc": 0.1047885729881606, "enrichment_0.1pct": 18.867924528301888, "enrichment_1": 5.9748427672955975, "enrichment_5": 2.4528301886792456, "enrichment_10": 1.6037735849056607, "auc": 0.531047988040071, "f1": 0.0, "model_type": "random_forest", "prediction_type": "screening"}
