{"bedroc": 0.6942163194842593, "enrichment_0.1pct": 12.823352048242878, "enrichment_1": 11.634846248649636, "enrichment_5": 9.659634535610692, "enrichment_10": 7.151124791866831, "auc": 0.9370882379097984, "f1": 0.5061255742725881, "model_type": "random_forest", "fold": "0", "prediction_type": "validation"}
{"bedroc": 0.5632922158701703, "enrichment_0.1pct": 84.4892812105927, "enrichment_1": 39.84867591424969, "enrichment_5": 12.862547288776799, "enrichment_10": 7.345523329129887, "auc": 0.8858996683367816, "f1": 0.009726443768996961, "model_type": "random_forest", "prediction_type": "screening"}
