{"bedroc": 0.7340029256851974, "enrichment_0.1pct": 43.016106442577026, "enrichment_1": 28.39285714285714, "enrichment_5": 15.423771962772838, "enrichment_10": 9.041408472254098, "auc": 0.9472783639765415, "f1": 0.39963503649635035, "model_type": "random_forest", "fold": "0", "prediction_type": "validation"}
{"bedroc": 0.25211150993731146, "enrichment_0.1pct": 61.16015132408575, "enrichment_1": 15.258511979823455, "enrichment_5": 5.5359394703657, "enrichment_10": 3.6569987389659517, "auc": 0.6809862307950801, "f1": 0.003771213073538655, "model_type": "random_forest", "prediction_type": "screening"}
