{"bedroc": 0.49678594511658136, "enrichment_0.1pct": 9.519063180827887, "enrichment_1": 7.130179509010927, "enrichment_5": 7.352831162586794, "enrichment_10": 5.835670673535584, "auc": 0.8856295884898329, "f1": 0.31645569620253167, "model_type": "random_forest", "fold": "0", "prediction_type": "validation"}
{"bedroc": 0.6192171096901313, "enrichment_0.1pct": 157.62925598991174, "enrichment_1": 49.30643127364439, "enrichment_5": 13.631778058007567, "enrichment_10": 7.471626733921815, "auc": 0.8912214665271226, "f1": 0.00749063670411985, "model_type": "random_forest", "prediction_type": "screening"}
