{"bedroc": 0.30329647207143917, "enrichment_0.1pct": 0.0, "enrichment_1": 0.0, "enrichment_5": 0.0, "enrichment_10": 0.0, "auc": 0.49842767295597484, "f1": 0.0, "model_type": "random_forest", "fold": "0", "prediction_type": "validation"}
{"bedroc": 0.05864515964523043, "enrichment_0.1pct": 1.8915510718789408, "enrichment_1": 1.3871374527112232, "enrichment_5": 0.9709962168978562, "enrichment_10": 0.9646910466582598, "auc": 0.5011385497499917, "f1": 0.0, "model_type": "random_forest", "prediction_type": "screening"}
