{"bedroc": 0.3861534274005456, "enrichment_0.1pct": 5.954896142433234, "enrichment_1": 4.0195548961424326, "enrichment_5": 6.236011585327356, "enrichment_10": 5.059683350256809, "auc": 0.8670045442264877, "f1": 0.18521983161833488, "model_type": "random_forest", "fold": "0", "prediction_type": "validation"}
{"bedroc": 0.6132402227997911, "enrichment_0.1pct": 174.02269861286257, "enrichment_1": 50.37831021437579, "enrichment_5": 13.329129886506935, "enrichment_10": 7.351828499369483, "auc": 0.8848449331055195, "f1": 0.0037641154328732747, "model_type": "random_forest", "prediction_type": "screening"}
