{"bedroc": 0.595657583954659, "enrichment_0.1pct": 33.68728470870151, "enrichment_1": 18.362577959519886, "enrichment_5": 11.637698089313878, "enrichment_10": 7.661647900622865, "auc": 0.8924729551859334, "f1": 0.3543307086614173, "model_type": "random_forest", "fold": "0", "prediction_type": "validation"}
{"bedroc": 0.2836330847070673, "enrichment_0.1pct": 28.30188679245283, "enrichment_1": 21.069182389937108, "enrichment_5": 6.352201257861636, "enrichment_10": 3.9308176100628933, "auc": 0.6803640066975262, "f1": 0.0, "model_type": "random_forest", "prediction_type": "screening"}
