{"bedroc": 0.619955504976426, "enrichment_0.1pct": 20.726715382709934, "enrichment_1": 19.221007807822488, "enrichment_5": 11.777979252452928, "enrichment_10": 7.371563319438626, "auc": 0.8772452352694801, "f1": 0.41566746602717825, "model_type": "random_forest", "fold": "0", "prediction_type": "validation"}
{"bedroc": 0.3260434748280563, "enrichment_0.1pct": 50.314465408805034, "enrichment_1": 21.069182389937108, "enrichment_5": 7.29559748427673, "enrichment_10": 5.062893081761007, "auc": 0.739181040703019, "f1": 0.0, "model_type": "random_forest", "prediction_type": "screening"}
