{"bedroc": 0.4429510029680525, "enrichment_0.1pct": 31.648593350383628, "enrichment_1": 11.791156126482214, "enrichment_5": 8.051676596582796, "enrichment_10": 6.2419551684259735, "auc": 0.8588880064846193, "f1": 0.22062350119904076, "model_type": "random_forest", "fold": "0", "prediction_type": "validation"}
{"bedroc": 0.22843207056927073, "enrichment_0.1pct": 6.289308176100629, "enrichment_1": 14.77987421383648, "enrichment_5": 5.534591194968554, "enrichment_10": 3.5220125786163523, "auc": 0.6585886041320889, "f1": 0.0, "model_type": "random_forest", "prediction_type": "screening"}
