{"bedroc": 0.5168480260612528, "enrichment_0.1pct": 10.47063232853242, "enrichment_1": 7.855659023919451, "enrichment_5": 8.043203237014923, "enrichment_10": 6.298982445824541, "auc": 0.8838348626154672, "f1": 0.30917254650416937, "model_type": "random_forest", "fold": "0", "prediction_type": "validation"}
{"bedroc": 0.5648179613136647, "enrichment_0.1pct": 96.46910466582598, "enrichment_1": 39.155107187894075, "enrichment_5": 13.00126103404792, "enrichment_10": 7.440100882723834, "auc": 0.888399613388347, "f1": 0.007407407407407408, "model_type": "random_forest", "prediction_type": "screening"}
