{"bedroc": 0.3986567707543621, "enrichment_0.1pct": 7.384949348769898, "enrichment_1": 4.778496637439346, "enrichment_5": 6.3423682642376775, "enrichment_10": 5.372188643909083, "auc": 0.8617634643093115, "f1": 0.17652411282984531, "model_type": "random_forest", "fold": "0", "prediction_type": "validation"}
{"bedroc": 0.577984800687912, "enrichment_0.1pct": 117.27616645649432, "enrichment_1": 43.757881462799496, "enrichment_5": 12.938209331651954, "enrichment_10": 7.2257250945775535, "auc": 0.8751096597337046, "f1": 0.0050062578222778474, "model_type": "random_forest", "prediction_type": "screening"}
