{"bedroc": 0.3500032438163153, "enrichment_0.1pct": 7.668382250660732, "enrichment_1": 4.547854436979449, "enrichment_5": 5.606600230435913, "enrichment_10": 4.810824713857912, "auc": 0.8401627910187452, "f1": 0.1330166270783848, "model_type": "random_forest", "fold": "0", "prediction_type": "validation"}
{"bedroc": 0.6092184672075601, "enrichment_0.1pct": 199.24337957124843, "enrichment_1": 49.74779319041614, "enrichment_5": 13.316519546027743, "enrichment_10": 7.282471626733922, "auc": 0.8779924462088422, "f1": 0.006257822277847309, "model_type": "random_forest", "prediction_type": "screening"}
