{"bedroc": 0.5986502134644044, "enrichment_0.1pct": 12.358354401287059, "enrichment_1": 10.482532751091703, "enrichment_5": 8.176375545851528, "enrichment_10": 6.638937409024745, "auc": 0.9077889769849481, "f1": 0.396816976127321, "model_type": "random_forest", "fold": "0", "prediction_type": "validation"}
{"bedroc": 0.5539480402650524, "enrichment_0.1pct": 78.18411097099622, "enrichment_1": 38.14627994955864, "enrichment_5": 12.925598991172762, "enrichment_10": 7.263556116015133, "auc": 0.8844473390914004, "f1": 0.014696876913655848, "model_type": "random_forest", "prediction_type": "screening"}
