{"bedroc": 0.4498555273572453, "enrichment_0.1pct": 77.97489936064409, "enrichment_1": 26.25249805116576, "enrichment_5": 9.51479426722145, "enrichment_10": 4.95157660845198, "auc": 0.7200562122160127, "f1": 0.017391304347826087, "model_type": "random_forest", "fold": "0", "prediction_type": "validation"}
{"bedroc": 0.14147327627666495, "enrichment_0.1pct": 34.04791929382093, "enrichment_1": 6.872635561160151, "enrichment_5": 3.1651954602774275, "enrichment_10": 1.973518284993695, "auc": 0.5564257658548096, "f1": 0.0, "model_type": "random_forest", "prediction_type": "screening"}
