{"bedroc": 0.6576825068207485, "enrichment_0.1pct": 26.30214592274678, "enrichment_1": 19.017482958848774, "enrichment_5": 11.852456038855328, "enrichment_10": 7.705371447207611, "auc": 0.8946807491811164, "f1": 0.4585987261146497, "model_type": "random_forest", "fold": "0", "prediction_type": "validation"}
{"bedroc": 0.3412604691676561, "enrichment_0.1pct": 34.59119496855346, "enrichment_1": 20.125786163522015, "enrichment_5": 7.358490566037736, "enrichment_10": 4.905660377358491, "auc": 0.7732823849304834, "f1": 0.0, "model_type": "random_forest", "prediction_type": "screening"}
