{"bedroc": 0.29958959801473134, "enrichment_0.1pct": 10.319562083258246, "enrichment_1": 7.3638133863343365, "enrichment_5": 4.749287588749538, "enrichment_10": 3.9251465071724114, "auc": 0.8330863114800127, "f1": 0.047182175622542594, "model_type": "random_forest", "fold": "0", "prediction_type": "validation"}
{"bedroc": 0.32202086993634255, "enrichment_0.1pct": 141.50943396226415, "enrichment_1": 24.213836477987424, "enrichment_5": 6.918238993710693, "enrichment_10": 4.213836477987422, "auc": 0.6850336661775425, "f1": 0.0, "model_type": "random_forest", "prediction_type": "screening"}
