{"bedroc": 0.5720065829634515, "enrichment_0.1pct": 11.722987872105842, "enrichment_1": 11.101628090898819, "enrichment_5": 8.030425942971586, "enrichment_10": 5.6457799322922435, "auc": 0.8455532993405556, "f1": 0.39596105301117923, "model_type": "random_forest", "fold": "0", "prediction_type": "validation"}
{"bedroc": 0.3741996665088856, "enrichment_0.1pct": 81.76100628930818, "enrichment_1": 30.18867924528302, "enrichment_5": 8.050314465408807, "enrichment_10": 4.779874213836479, "auc": 0.7613850418269488, "f1": 0.0, "model_type": "random_forest", "prediction_type": "screening"}
