{"bedroc": 0.4733531628240281, "enrichment_0.1pct": 24.03018761461419, "enrichment_1": 11.29418817886867, "enrichment_5": 9.504772210433767, "enrichment_10": 6.500709004141373, "auc": 0.8550067636347055, "f1": 0.22413793103448276, "model_type": "random_forest", "fold": "0", "prediction_type": "validation"}
{"bedroc": 0.16236255020318188, "enrichment_0.1pct": 6.289308176100629, "enrichment_1": 6.918238993710693, "enrichment_5": 4.2767295597484285, "enrichment_10": 2.7358490566037736, "auc": 0.6350095132138812, "f1": 0.0, "model_type": "random_forest", "prediction_type": "screening"}
