{"bedroc": 0.3949304766000923, "enrichment_0.1pct": 5.923032069970845, "enrichment_1": 4.676077949976983, "enrichment_5": 6.216848706818939, "enrichment_10": 5.104385812105538, "auc": 0.8444355662290051, "f1": 0.2136986301369863, "model_type": "random_forest", "fold": "0", "prediction_type": "validation"}
{"bedroc": 0.5782810899809144, "enrichment_0.1pct": 129.88650693568727, "enrichment_1": 43.63177805800757, "enrichment_5": 13.026481715006307, "enrichment_10": 7.250945775535939, "auc": 0.8659486423399415, "f1": 0.006242197253433208, "model_type": "random_forest", "prediction_type": "screening"}
