{"bedroc": 0.5038262954553261, "enrichment_0.1pct": 10.510204081632653, "enrichment_1": 7.782940868655155, "enrichment_5": 7.963252785776887, "enrichment_10": 6.112244897959184, "auc": 0.8895944989076857, "f1": 0.2864583333333333, "model_type": "random_forest", "fold": "0", "prediction_type": "validation"}
{"bedroc": 0.5617787090219877, "enrichment_0.1pct": 80.7061790668348, "enrichment_1": 37.07440100882724, "enrichment_5": 13.102143757881462, "enrichment_10": 7.44640605296343, "auc": 0.8818820782800613, "f1": 0.007471980074719801, "model_type": "random_forest", "prediction_type": "screening"}
