{"bedroc": 0.4102385101151818, "enrichment_0.1pct": 24.550616988139453, "enrichment_1": 8.183538996046483, "enrichment_5": 7.461603111576967, "enrichment_10": 6.010610437195829, "auc": 0.8560146792758009, "f1": 0.1956769055745165, "model_type": "random_forest", "fold": "0", "prediction_type": "validation"}
{"bedroc": 0.2963004446508079, "enrichment_0.1pct": 69.18238993710692, "enrichment_1": 20.125786163522015, "enrichment_5": 6.7924528301886795, "enrichment_10": 4.119496855345912, "auc": 0.6769980904242016, "f1": 0.0, "model_type": "random_forest", "prediction_type": "screening"}
