{"bedroc": 0.5717517989024427, "enrichment_0.1pct": 24.50962962962963, "enrichment_1": 15.71383512544803, "enrichment_5": 10.55495340501792, "enrichment_10": 7.305049388402682, "auc": 0.8907504053318966, "f1": 0.35081685296646603, "model_type": "random_forest", "fold": "0", "prediction_type": "validation"}
{"bedroc": 0.41064926631513154, "enrichment_0.1pct": 125.78616352201259, "enrichment_1": 33.64779874213836, "enrichment_5": 9.056603773584907, "enrichment_10": 4.968553459119497, "auc": 0.7307950437673143, "f1": 0.0, "model_type": "random_forest", "prediction_type": "screening"}
