{"bedroc": 0.37625004191638767, "enrichment_0.1pct": 4.441297935103245, "enrichment_1": 4.441297935103245, "enrichment_5": 5.846921483713048, "enrichment_10": 5.149544781897117, "auc": 0.8527959382389763, "f1": 0.18064516129032257, "model_type": "random_forest", "fold": "0", "prediction_type": "validation"}
{"bedroc": 0.6356143429260213, "enrichment_0.1pct": 202.39596469104666, "enrichment_1": 52.774274905422445, "enrichment_5": 13.82093316519546, "enrichment_10": 7.547288776796973, "auc": 0.8904759796452053, "f1": 0.009987515605493134, "model_type": "random_forest", "prediction_type": "screening"}
