{"bedroc": 0.5454525070022189, "enrichment_0.1pct": 9.927718516159846, "enrichment_1": 11.144787987653126, "enrichment_5": 9.177471376562957, "enrichment_10": 7.36299421127303, "auc": 0.9307066079956824, "f1": 0.20510150963040083, "model_type": "random_forest", "fold": "0", "prediction_type": "validation"}
{"bedroc": 0.6120733423617893, "enrichment_0.1pct": 265.4476670870113, "enrichment_1": 53.026481715006305, "enrichment_5": 13.013871374527112, "enrichment_10": 7.011349306431273, "auc": 0.8555479513838078, "f1": 0.0075282308657465494, "model_type": "random_forest", "prediction_type": "screening"}
