{"bedroc": 0.7384923704501662, "enrichment_0.1pct": 14.305783417491037, "enrichment_1": 12.85229478988037, "enrichment_5": 10.379861809115248, "enrichment_10": 7.844846642436724, "auc": 0.949444454626193, "f1": 0.5350233488992662, "model_type": "random_forest", "fold": "0", "prediction_type": "validation"}
{"bedroc": 0.4733096701601303, "enrichment_0.1pct": 76.29255989911728, "enrichment_1": 27.55359394703657, "enrichment_5": 11.097099621689786, "enrichment_10": 6.878940731399748, "auc": 0.8811838176230227, "f1": 0.02037147992810066, "model_type": "random_forest", "prediction_type": "screening"}
