{"bedroc": 0.6390234602533826, "enrichment_0.1pct": 12.667203435319378, "enrichment_1": 11.390376280535856, "enrichment_5": 9.699167006984366, "enrichment_10": 7.024283804081035, "auc": 0.9236668287165045, "f1": 0.45124282982791586, "model_type": "random_forest", "fold": "0", "prediction_type": "validation"}
{"bedroc": 0.5750305247006502, "enrichment_0.1pct": 102.1437578814628, "enrichment_1": 39.02900378310214, "enrichment_5": 13.17780580075662, "enrichment_10": 7.559899117276167, "auc": 0.8888560248357172, "f1": 0.011117974058060531, "model_type": "random_forest", "prediction_type": "screening"}
