{"bedroc": 0.19817105902570878, "enrichment_0.1pct": 3.8726190476190476, "enrichment_1": 1.7965758468335788, "enrichment_5": 2.7195805221472575, "enrichment_10": 3.5389780219780222, "auc": 0.7622206230313625, "f1": 0.05150214592274678, "model_type": "random_forest", "fold": "0", "prediction_type": "validation"}
{"bedroc": 0.5903659725232322, "enrichment_0.1pct": 192.93820933165196, "enrichment_1": 47.98234552332913, "enrichment_5": 12.875157629255991, "enrichment_10": 6.967213114754099, "auc": 0.8602325264540432, "f1": 0.0025188916876574307, "model_type": "random_forest", "prediction_type": "screening"}
