{"bedroc": 0.3058393980015857, "enrichment_0.1pct": 9.355287569573283, "enrichment_1": 7.563562894248608, "enrichment_5": 4.8242877678029865, "enrichment_10": 4.026424790820184, "auc": 0.8373175078931391, "f1": 0.04725085910652921, "model_type": "random_forest", "fold": "0", "prediction_type": "validation"}
{"bedroc": 0.36500448833002774, "enrichment_0.1pct": 185.53459119496856, "enrichment_1": 28.930817610062896, "enrichment_5": 7.29559748427673, "enrichment_10": 4.654088050314465, "auc": 0.695691888825678, "f1": 0.0, "model_type": "random_forest", "prediction_type": "screening"}
