{"bedroc": 0.5740030261560293, "enrichment_0.1pct": 14.8983456597898, "enrichment_1": 11.573953649589354, "enrichment_5": 7.94858808666273, "enrichment_10": 5.575128526736156, "auc": 0.8466620534082964, "f1": 0.3988522238163558, "model_type": "random_forest", "fold": "0", "prediction_type": "validation"}
{"bedroc": 0.375160300818924, "enrichment_0.1pct": 75.47169811320755, "enrichment_1": 26.729559748427675, "enrichment_5": 8.427672955974844, "enrichment_10": 4.905660377358491, "auc": 0.7551893514716296, "f1": 0.0, "model_type": "random_forest", "prediction_type": "screening"}
