{"bedroc": 0.38660569521383437, "enrichment_0.1pct": 4.487072808320951, "enrichment_1": 4.935780089153046, "enrichment_5": 6.010535194169974, "enrichment_10": 5.337505428055737, "auc": 0.859812458889956, "f1": 0.16205910390848427, "model_type": "random_forest", "fold": "0", "prediction_type": "validation"}
{"bedroc": 0.6052236164853574, "enrichment_0.1pct": 165.82597730138716, "enrichment_1": 48.486759142496844, "enrichment_5": 13.341740226986131, "enrichment_10": 7.33921815889029, "auc": 0.8823477522109207, "f1": 0.006257822277847309, "model_type": "random_forest", "prediction_type": "screening"}
