{"bedroc": 0.5837156542844206, "enrichment_0.1pct": 11.292134831460675, "enrichment_1": 10.076058772687986, "enrichment_5": 7.975149894272218, "enrichment_10": 6.674176318969463, "auc": 0.9014802788014764, "f1": 0.3866597186034393, "model_type": "random_forest", "fold": "0", "prediction_type": "validation"}
{"bedroc": 0.5116006080522392, "enrichment_0.1pct": 67.46532156368222, "enrichment_1": 31.08448928121059, "enrichment_5": 11.89155107187894, "enrichment_10": 7.112232030264817, "auc": 0.8826692185508612, "f1": 0.009768009768009768, "model_type": "random_forest", "prediction_type": "screening"}
