{"bedroc": 0.4661224517230393, "enrichment_0.1pct": 24.290909090909093, "enrichment_1": 13.764848484848486, "enrichment_5": 8.734451447494926, "enrichment_10": 6.22368369543942, "auc": 0.8573080707308895, "f1": 0.23963133640552994, "model_type": "random_forest", "fold": "0", "prediction_type": "validation"}
{"bedroc": 0.32945844751466363, "enrichment_0.1pct": 53.45911949685535, "enrichment_1": 20.125786163522015, "enrichment_5": 7.672955974842767, "enrichment_10": 4.559748427672956, "auc": 0.7207568170200136, "f1": 0.0, "model_type": "random_forest", "prediction_type": "screening"}
