{"bedroc": 0.6094816273446515, "enrichment_0.1pct": 38.36155202821869, "enrichment_1": 20.32055048014301, "enrichment_5": 12.52095202741598, "enrichment_10": 7.64167686137438, "auc": 0.8883362548317618, "f1": 0.35347776510832385, "model_type": "random_forest", "fold": "0", "prediction_type": "validation"}
{"bedroc": 0.23436978874967315, "enrichment_0.1pct": 6.289308176100629, "enrichment_1": 13.522012578616353, "enrichment_5": 5.849056603773586, "enrichment_10": 3.5220125786163523, "auc": 0.6571392202720465, "f1": 0.0, "model_type": "random_forest", "prediction_type": "screening"}
