{"bedroc": 0.20044137608926937, "enrichment_0.1pct": 0.0, "enrichment_1": 1.0928743961352658, "enrichment_5": 3.3729198730280876, "enrichment_10": 3.808135340515583, "auc": 0.7820955638931802, "f1": 0.0364741641337386, "model_type": "random_forest", "fold": "0", "prediction_type": "validation"}
{"bedroc": 0.5009859213277638, "enrichment_0.1pct": 144.38839848675914, "enrichment_1": 37.3266078184111, "enrichment_5": 10.983606557377051, "enrichment_10": 6.39344262295082, "auc": 0.8322642365267986, "f1": 0.0025188916876574307, "model_type": "random_forest", "prediction_type": "screening"}
