{"bedroc": 0.5898255381113573, "enrichment_0.1pct": 34.25986659255142, "enrichment_1": 19.11271494916531, "enrichment_5": 11.991602203616136, "enrichment_10": 7.724800751375286, "auc": 0.8908629836859474, "f1": 0.33555555555555555, "model_type": "random_forest", "fold": "0", "prediction_type": "validation"}
{"bedroc": 0.1567433052118055, "enrichment_0.1pct": 6.289308176100629, "enrichment_1": 5.9748427672955975, "enrichment_5": 3.8993710691823904, "enrichment_10": 2.8301886792452833, "auc": 0.6355751113130705, "f1": 0.0, "model_type": "random_forest", "prediction_type": "screening"}
