{"bedroc": 0.6360054248017393, "enrichment_0.1pct": 10.257263073532359, "enrichment_1": 12.226470358509724, "enrichment_5": 9.557767571807068, "enrichment_10": 6.976248356270754, "auc": 0.9183934012034766, "f1": 0.4484906564446574, "model_type": "random_forest", "fold": "0", "prediction_type": "validation"}
{"bedroc": 0.5538102543846659, "enrichment_0.1pct": 85.75031525851199, "enrichment_1": 34.867591424968474, "enrichment_5": 12.812105926860026, "enrichment_10": 7.408575031525851, "auc": 0.894203626560805, "f1": 0.009852216748768473, "model_type": "random_forest", "prediction_type": "screening"}
