{"bedroc": 0.31426727577853697, "enrichment_0.1pct": 30.192307692307693, "enrichment_1": 4.869727047146402, "enrichment_5": 5.961538461538462, "enrichment_10": 6.057692307692308, "auc": 0.8437134129633319, "f1": 0.061855670103092786, "model_type": "random_forest", "fold": "0", "prediction_type": "validation"}
{"bedroc": 0.04588425196501186, "enrichment_0.1pct": 6.289308176100629, "enrichment_1": 1.5723270440251573, "enrichment_5": 0.8176100628930818, "enrichment_10": 0.9119496855345912, "auc": 0.49581738376451506, "f1": 0.0, "model_type": "random_forest", "prediction_type": "screening"}
{"bedroc": 0.31426727577853697, "enrichment_0.1pct": 30.192307692307693, "enrichment_1": 4.869727047146402, "enrichment_5": 5.961538461538462, "enrichment_10": 6.057692307692308, "auc": 0.8437134129633319, "f1": 0.061855670103092786, "model_type": "random_forest", "fold": "0", "prediction_type": "validation"}
{"bedroc": 0.0468096558923837, "enrichment_0.1pct": 6.289308176100629, "enrichment_1": 1.257861635220126, "enrichment_5": 0.8805031446540881, "enrichment_10": 0.9119496855345912, "auc": 0.495817383764515, "f1": 0.0, "model_type": "random_forest", "prediction_type": "screening"}
