{"bedroc": 0.5543062556062195, "enrichment_0.1pct": 18.80249146071931, "enrichment_1": 17.193722137877018, "enrichment_5": 10.714403690129677, "enrichment_10": 6.8195460744223, "auc": 0.8649201788226946, "f1": 0.34893617021276596, "model_type": "random_forest", "fold": "0", "prediction_type": "validation"}
{"bedroc": 0.23454135145905972, "enrichment_0.1pct": 18.867924528301888, "enrichment_1": 12.264150943396226, "enrichment_5": 5.283018867924529, "enrichment_10": 3.679245283018868, "auc": 0.6609458616015992, "f1": 0.0, "model_type": "random_forest", "prediction_type": "screening"}
