{"bedroc": 0.06171475306235522, "enrichment_0.1pct": 0.0, "enrichment_1": 0.0, "enrichment_5": 0.0, "enrichment_10": 0.0, "auc": 0.4989192581229954, "f1": 0.0, "model_type": "random_forest", "fold": "0", "prediction_type": "validation"}
{"bedroc": 0.04188198234766221, "enrichment_0.1pct": 0.0, "enrichment_1": 0.628930817610063, "enrichment_5": 1.1949685534591197, "enrichment_10": 0.9433962264150944, "auc": 0.4991362253196516, "f1": 0.0, "model_type": "random_forest", "prediction_type": "screening"}
