{"bedroc": 0.5954911033889256, "enrichment_0.1pct": 28.684147257700975, "enrichment_1": 18.2288961038961, "enrichment_5": 11.7780350908207, "enrichment_10": 7.787898175928142, "auc": 0.9039609895269404, "f1": 0.34579439252336447, "model_type": "random_forest", "fold": "0", "prediction_type": "validation"}
{"bedroc": 0.3607033657058216, "enrichment_0.1pct": 97.48427672955975, "enrichment_1": 27.672955974842772, "enrichment_5": 7.735849056603774, "enrichment_10": 4.685534591194969, "auc": 0.7052141150068112, "f1": 0.0, "model_type": "random_forest", "prediction_type": "screening"}
