{"bedroc": 0.22993886782426468, "enrichment_0.1pct": 3.217948717948718, "enrichment_1": 2.252564102564103, "enrichment_5": 3.7820512820512824, "enrichment_10": 3.557692307692308, "auc": 0.7665345144336201, "f1": 0.056179775280898875, "model_type": "random_forest", "fold": "0", "prediction_type": "validation"}
{"bedroc": 0.5307536592556211, "enrichment_0.1pct": 154.4766708701135, "enrichment_1": 41.23581336696091, "enrichment_5": 11.702395964691046, "enrichment_10": 6.639344262295082, "auc": 0.8492732746519334, "f1": 0.0037735849056603774, "model_type": "random_forest", "prediction_type": "screening"}
