{"bedroc": 0.2733848915273934, "enrichment_0.1pct": 24.2021484375, "enrichment_1": 5.509432164634147, "enrichment_5": 5.000605326876514, "enrichment_10": 4.688067493946731, "auc": 0.7788120158613059, "f1": 0.061946902654867256, "model_type": "random_forest", "fold": "0", "prediction_type": "validation"}
{"bedroc": 0.37514111843699793, "enrichment_0.1pct": 58.007566204287514, "enrichment_1": 20.113493064312735, "enrichment_5": 9.066834804539724, "enrichment_10": 5.491803278688526, "auc": 0.8009969697817156, "f1": 0.0025188916876574307, "model_type": "random_forest", "prediction_type": "screening"}
