{"bedroc": 0.21320030377529614, "enrichment_0.1pct": 5.261780104712042, "enrichment_1": 3.1570680628272254, "enrichment_5": 3.6669485243015334, "enrichment_10": 3.4574086086271607, "auc": 0.7712173750557325, "f1": 0.06321839080459771, "model_type": "random_forest", "fold": "0", "prediction_type": "validation"}
{"bedroc": 0.5362774271813846, "enrichment_0.1pct": 197.98234552332914, "enrichment_1": 42.37074401008827, "enrichment_5": 11.790668348045399, "enrichment_10": 6.48171500630517, "auc": 0.8357748519669219, "f1": 0.0025188916876574307, "model_type": "random_forest", "prediction_type": "screening"}
