{"bedroc": 0.5131563505721997, "enrichment_0.1pct": 10.495198079231693, "enrichment_1": 6.972671827351631, "enrichment_5": 7.369454303460515, "enrichment_10": 5.960888245458366, "auc": 0.8867055128625217, "f1": 0.32398753894080995, "model_type": "random_forest", "fold": "0", "prediction_type": "validation"}
{"bedroc": 0.6426431477551805, "enrichment_0.1pct": 162.04287515762925, "enrichment_1": 52.648171500630525, "enrichment_5": 14.123581336696091, "enrichment_10": 7.6103404791929385, "auc": 0.8962392579726022, "f1": 0.009937888198757764, "model_type": "random_forest", "prediction_type": "screening"}
