{"bedroc": 0.5271602649142608, "enrichment_0.1pct": 7.99253305677988, "enrichment_1": 8.502473316912972, "enrichment_5": 8.02261917550348, "enrichment_10": 6.2781430157195555, "auc": 0.8949503610644194, "f1": 0.3114754098360656, "model_type": "random_forest", "fold": "0", "prediction_type": "validation"}
{"bedroc": 0.6154146958329879, "enrichment_0.1pct": 112.8625472887768, "enrichment_1": 46.34300126103405, "enrichment_5": 13.669609079445147, "enrichment_10": 7.749054224464061, "auc": 0.8988702753437063, "f1": 0.006238303181534623, "model_type": "random_forest", "prediction_type": "screening"}
