{"bedroc": 0.7302634631346486, "enrichment_0.1pct": 18.229644371376654, "enrichment_1": 22.86503398101853, "enrichment_5": 13.731105610278957, "enrichment_10": 8.30303874378027, "auc": 0.9221897545758915, "f1": 0.5314777998674619, "model_type": "random_forest", "fold": "0", "prediction_type": "validation"}
{"bedroc": 0.3727212329289575, "enrichment_0.1pct": 47.16981132075472, "enrichment_1": 27.358490566037737, "enrichment_5": 8.364779874213838, "enrichment_10": 4.937106918238994, "auc": 0.738218302162226, "f1": 0.0, "model_type": "random_forest", "prediction_type": "screening"}
