{"bedroc": 0.7316307741692311, "enrichment_0.1pct": 14.906959373883675, "enrichment_1": 14.734312280633711, "enrichment_5": 13.908355795148246, "enrichment_10": 9.622641509433961, "auc": 0.9662959611897611, "f1": 0.4946500613927381, "model_type": "random_forest", "fold": "0", "prediction_type": "validation"}
{"bedroc": 0.12542207778007877, "enrichment_0.1pct": 12.578616352201259, "enrichment_1": 5.031446540880504, "enrichment_5": 2.8930817610062896, "enrichment_10": 1.9496855345911952, "auc": 0.5517171787672505, "f1": 0.0, "model_type": "random_forest", "prediction_type": "screening"}
