{"bedroc": 0.5206025367634625, "enrichment_0.1pct": 10.032212812386344, "enrichment_1": 7.604729194052447, "enrichment_5": 8.098542778081827, "enrichment_10": 6.113412170283721, "auc": 0.8892166106034752, "f1": 0.3364140480591497, "model_type": "random_forest", "fold": "0", "prediction_type": "validation"}
{"bedroc": 0.5883519883041933, "enrichment_0.1pct": 136.82219419924337, "enrichment_1": 42.81210592686003, "enrichment_5": 13.442622950819672, "enrichment_10": 7.471626733921815, "auc": 0.8843392070012193, "f1": 0.00373366521468575, "model_type": "random_forest", "prediction_type": "screening"}
