{"bedroc": 0.1654669216193505, "enrichment_0.1pct": 16.814285714285713, "enrichment_1": 1.4495073891625616, "enrichment_5": 3.717444120505345, "enrichment_10": 2.859572400388727, "auc": 0.6830364820046677, "f1": 0.015873015873015872, "model_type": "random_forest", "fold": "0", "prediction_type": "validation"}
{"bedroc": 0.330992154867954, "enrichment_0.1pct": 77.55359394703657, "enrichment_1": 20.680958385876423, "enrichment_5": 7.276166456494326, "enrichment_10": 4.754098360655738, "auc": 0.7421002686300827, "f1": 0.0, "model_type": "random_forest", "prediction_type": "screening"}
