{"bedroc": 0.19119003273754023, "enrichment_0.1pct": 0.0, "enrichment_1": 3.5079966329966332, "enrichment_5": 2.92017017017017, "enrichment_10": 2.92017017017017, "auc": 0.7660965494924723, "f1": 0.07586206896551724, "model_type": "random_forest", "fold": "0", "prediction_type": "validation"}
{"bedroc": 0.0849580796964624, "enrichment_0.1pct": 12.578616352201259, "enrichment_1": 3.1446540880503147, "enrichment_5": 2.0125786163522017, "enrichment_10": 1.5723270440251573, "auc": 0.527733929452459, "f1": 0.0, "model_type": "random_forest", "prediction_type": "screening"}
