{"bedroc": 0.2583756925138307, "enrichment_0.1pct": 11.595373665480427, "enrichment_1": 5.368228548833532, "enrichment_5": 4.484398655158176, "enrichment_10": 3.914951206884122, "auc": 0.7969143754751126, "f1": 0.08366533864541832, "model_type": "random_forest", "fold": "0", "prediction_type": "validation"}
{"bedroc": 0.08152410266292964, "enrichment_0.1pct": 6.289308176100629, "enrichment_1": 2.8301886792452833, "enrichment_5": 1.6981132075471699, "enrichment_10": 1.4150943396226416, "auc": 0.5498593725760768, "f1": 0.0, "model_type": "random_forest", "prediction_type": "screening"}
