{"bedroc": 0.5286969599716637, "enrichment_0.1pct": 47.73054587688734, "enrichment_1": 31.50216027874565, "enrichment_5": 12.576324940881905, "enrichment_10": 6.477136135544508, "auc": 0.7965913539673634, "f1": 0.017241379310344827, "model_type": "random_forest", "fold": "0", "prediction_type": "validation"}
{"bedroc": 0.14330030388322318, "enrichment_0.1pct": 18.915510718789406, "enrichment_1": 6.242118537200505, "enrichment_5": 3.3543505674653216, "enrichment_10": 2.105926860025221, "auc": 0.5615395929672077, "f1": 0.0, "model_type": "random_forest", "prediction_type": "screening"}
