{"bedroc": 0.6115377378018669, "enrichment_0.1pct": 13.064120612142956, "enrichment_1": 10.916406542921548, "enrichment_5": 8.429403362267884, "enrichment_10": 6.750363556084856, "auc": 0.909321370464607, "f1": 0.416403785488959, "model_type": "random_forest", "fold": "0", "prediction_type": "validation"}
{"bedroc": 0.4827211577449757, "enrichment_0.1pct": 58.007566204287514, "enrichment_1": 29.129886506935687, "enrichment_5": 11.248423707440102, "enrichment_10": 6.82219419924338, "auc": 0.8712200983925702, "f1": 0.006176652254478073, "model_type": "random_forest", "prediction_type": "screening"}
