{"bedroc": 0.19887721843077036, "enrichment_0.1pct": 13.799014778325121, "enrichment_1": 3.4497536945812803, "enrichment_5": 3.3117635467980295, "enrichment_10": 3.3807586206896554, "auc": 0.7402243541396407, "f1": 0.044444444444444446, "model_type": "random_forest", "fold": "0", "prediction_type": "validation"}
{"bedroc": 0.07495016724676115, "enrichment_0.1pct": 6.289308176100629, "enrichment_1": 1.8867924528301887, "enrichment_5": 1.5723270440251573, "enrichment_10": 1.4150943396226416, "auc": 0.5200186143470353, "f1": 0.0, "model_type": "random_forest", "prediction_type": "screening"}
