{"bedroc": 0.6694792348461457, "enrichment_0.1pct": 27.525258323765787, "enrichment_1": 19.94167095556699, "enrichment_5": 12.9422512532974, "enrichment_10": 8.384366884506722, "auc": 0.9128679580401741, "f1": 0.43333333333333335, "model_type": "random_forest", "fold": "0", "prediction_type": "validation"}
{"bedroc": 0.35995425280255283, "enrichment_0.1pct": 28.30188679245283, "enrichment_1": 21.38364779874214, "enrichment_5": 8.364779874213838, "enrichment_10": 5.000000000000001, "auc": 0.7758488803213006, "f1": 0.0, "model_type": "random_forest", "prediction_type": "screening"}
