{"bedroc": 0.4950914751586278, "enrichment_0.1pct": 7.859992942645421, "enrichment_1": 6.473973461740245, "enrichment_5": 5.813679754088651, "enrichment_10": 5.590896724114147, "auc": 0.9071174342885502, "f1": 0.24800990624447197, "model_type": "random_forest", "fold": "0", "prediction_type": "validation"}
{"bedroc": 0.6101993867723059, "enrichment_0.1pct": 336.6960907944515, "enrichment_1": 52.71122320302648, "enrichment_5": 12.585119798234551, "enrichment_10": 6.979823455233292, "auc": 0.8487871751988313, "f1": 0.01375, "model_type": "random_forest", "prediction_type": "screening"}
