{"bedroc": 0.7042984927746243, "enrichment_0.1pct": 13.693261094098249, "enrichment_1": 12.007936651747695, "enrichment_5": 9.60753821166203, "enrichment_10": 7.263467072492848, "auc": 0.9377100991489802, "f1": 0.5191032522892327, "model_type": "random_forest", "fold": "0", "prediction_type": "validation"}
{"bedroc": 0.42118787552568954, "enrichment_0.1pct": 65.57377049180327, "enrichment_1": 22.005044136191678, "enrichment_5": 9.798234552332913, "enrichment_10": 6.4312736443883995, "auc": 0.8644643999329973, "f1": 0.021238938053097345, "model_type": "random_forest", "prediction_type": "screening"}
