{"bedroc": 0.22381896717636346, "enrichment_0.1pct": 11.669047619047618, "enrichment_1": 5.0010204081632645, "enrichment_5": 3.500714285714286, "enrichment_10": 3.3935495626822156, "auc": 0.7735269076124464, "f1": 0.07874015748031496, "model_type": "random_forest", "fold": "0", "prediction_type": "validation"}
{"bedroc": 0.5976364323179763, "enrichment_0.1pct": 206.17906683480456, "enrichment_1": 47.730138713745276, "enrichment_5": 13.08953341740227, "enrichment_10": 7.257250945775536, "auc": 0.8704728912539524, "f1": 0.0025188916876574307, "model_type": "random_forest", "prediction_type": "screening"}
